-- phpMyAdmin SQL Dump
-- version 4.4.14
-- http://www.phpmyadmin.net
--
-- Host: 127.0.0.1
-- Generation Time: 22 Agu 2015 pada 09.55
-- Versi Server: 5.6.24
-- PHP Version: 5.6.11

SET SQL_MODE = "NO_AUTO_VALUE_ON_ZERO";
SET time_zone = "+00:00";


/*!40101 SET @OLD_CHARACTER_SET_CLIENT=@@CHARACTER_SET_CLIENT */;
/*!40101 SET @OLD_CHARACTER_SET_RESULTS=@@CHARACTER_SET_RESULTS */;
/*!40101 SET @OLD_COLLATION_CONNECTION=@@COLLATION_CONNECTION */;
/*!40101 SET NAMES utf8mb4 */;

--
-- Database: `nilai_mvp`
--

-- --------------------------------------------------------

--
-- Struktur dari tabel `admin`
--

CREATE TABLE IF NOT EXISTS `admin` (
  `username` varchar(12) NOT NULL DEFAULT '',
  `password_admin` varchar(32) DEFAULT NULL,
  `nama_admin` varchar(30) DEFAULT NULL,
  `tempatlahir_admin` varchar(20) DEFAULT NULL,
  `tanggallahir_admin` date DEFAULT NULL,
  `alamat_admin` text NOT NULL,
  `jenis_kelamin_admin` enum('p','l') NOT NULL,
  `photo_admin` varchar(100) NOT NULL,
  `status` varchar(1) DEFAULT NULL,
  `log` datetime DEFAULT NULL
) ENGINE=InnoDB DEFAULT CHARSET=latin1;

--
-- Dumping data untuk tabel `admin`
--

INSERT INTO `admin` (`username`, `password_admin`, `nama_admin`, `tempatlahir_admin`, `tanggallahir_admin`, `alamat_admin`, `jenis_kelamin_admin`, `photo_admin`, `status`, `log`) VALUES
('admin', '2be7f2290e559cfe854d176f8d015504', 'sarsun', 'Bandung', '1995-03-23', 'Jl. Slamet 1 No. 52', 'p', 'sari.jpg', '1', '2015-05-15 00:00:00');

-- --------------------------------------------------------

--
-- Struktur dari tabel `guru`
--

CREATE TABLE IF NOT EXISTS `guru` (
  `nip` varchar(16) NOT NULL,
  `password_guru` varchar(32) NOT NULL,
  `nama_guru` varchar(35) NOT NULL,
  `jenis_kelamin_guru` enum('p','l') NOT NULL,
  `tempatlahir_guru` varchar(20) NOT NULL,
  `tanggallahir_guru` date NOT NULL,
  `alamat_guru` text NOT NULL,
  `photo_guru` varchar(100) DEFAULT NULL,
  `keahlian` varchar(30) NOT NULL,
  `status_wali_kelas` tinyint(1) NOT NULL,
  `id_kelasjurusan` int(11) DEFAULT NULL,
  `status` varchar(1) NOT NULL,
  `log` timestamp NOT NULL DEFAULT CURRENT_TIMESTAMP ON UPDATE CURRENT_TIMESTAMP,
  `no_telpon_guru` varchar(15) NOT NULL,
  `email_guru` varchar(50) NOT NULL,
  `username_admin` varchar(12) NOT NULL
) ENGINE=InnoDB DEFAULT CHARSET=latin1;

--
-- Dumping data untuk tabel `guru`
--

INSERT INTO `guru` (`nip`, `password_guru`, `nama_guru`, `jenis_kelamin_guru`, `tempatlahir_guru`, `tanggallahir_guru`, `alamat_guru`, `photo_guru`, `keahlian`, `status_wali_kelas`, `id_kelasjurusan`, `status`, `log`, `no_telpon_guru`, `email_guru`, `username_admin`) VALUES
('0000000000000001', 'a0de092f5496b1aa4a058e23925d18ff', 'Desy Ayu Suryati S.pd', 'p', 'Bandung', '1995-03-23', '-', 'cute-cat-praying.jpg', '-', 0, 0, '2', '2015-08-21 13:06:57', '-', '-', 'admin'),
('1050096208633004', '92e84b2f1f307370af6c9cb7c5a4b8f9', 'Yayu Sri Rahayu', 'p', 'Cikampek', '1963-08-22', 'Jl. Wuluk No.11 Rt.07/Rw.10 Desa. Babakan Sari Kec. Kiaracondong 40283', 'user.png', '-', 0, 0, '2', '2015-08-19 12:23:22', '3131', '3131@1313', 'admin'),
('1050171602733010', '3d6baec18147cb9f408af0a9a06f2370', 'Cahyo Hartono', 'l', 'Medan', '1973-02-16', 'Jl. Plered XI No. 2', 'user.png', '-', 0, 0, '2', '2015-08-19 12:23:22', '', '', 'admin'),
('3173071406800003', '6a51de8a0cdbd846bed9576aec9d9464', 'Martono Agung Saputro', 'l', 'Jakarta', '1980-06-14', 'Jl. Kresna Rt.11/Rw.02 Desa. Kota Bambu utara Kec. palmerah 11420', 'user.png', '-', 0, 0, '2', '2015-08-19 12:23:22', '', '', 'admin'),
('3203071311820007', 'd8f090f6d45c598ebdd7681157633e39', 'Arizona Mardatias', 'l', 'Cianjur', '1982-11-13', 'Jl. Sukanegra Rt.05/Rw.02 Desa.Antapani Kulon Kec. Antapani 40283', 'user.png', '-', 0, 0, '2', '2015-08-19 12:23:22', '', '', 'admin'),
('3204280708830010', '9601f2014502dd3b3cd67ab0f7392934', 'Aang Miftah Parid', 'l', 'Bandung', '1983-08-07', 'Kp. Mariuk Rt.01 Rw.09 Desa. Bojong Salam Kec. Rancaekek', 'user.png', 'Informatika', 0, 0, '2', '2015-08-19 12:23:22', '', '', 'admin'),
('3204291403670002', '1b137517fc179811eee57149bcaaf3fc', 'Ai Kosasih', 'l', 'Bandung', '1967-03-14', 'Kp. Andir Rt.01 Rw.11', 'user.png', '-', 0, 0, '2', '2015-08-19 12:23:22', '', '', 'admin'),
('3205205603860001', 'ad2bf4dcd01e4fa5f61cedc2b807e784', 'Erni Ratna Furi', 'p', 'Garut', '1986-03-16', 'Kp. Paledang Rt/Rw 05/01 Desa. Keramatwangi Kec.Cisurupan 44163', 'user.png', '-', 0, 0, '2', '2015-08-19 12:23:22', '', '', 'admin'),
('3207072702890001', '169ba78fa7b5e54eff7525ce33fd6c54', 'Febtri Zaina Rahman', 'p', 'Sukabumi', '1989-02-27', 'dusun warudoyong sindang herang panumbangan ciamis JABAR Rt/Rw 01/03', 'user.png', '', 0, 0, '2', '2015-08-19 12:23:22', '', '', 'admin'),
('3210011803870021', 'bc5f64eee10cf4ff874088073e1eb8f6', 'Erik Darmadianto,S.Pd.', 'p', 'Bandung', '1987-03-18', 'Ujung Berung No.52', 'user.png', 'Farmasi', 1, 6, '2', '2015-08-19 13:36:55', '081224371077', '', 'admin'),
('3273045507730014', 'b2a4b309214f374a728a69682091828b', 'Evi Susantri', 'p', 'Bandung', '1973-07-15', 'Jl pagarsih 69 maskardi no 244 Rt/Rw 07/01 ', 'user.png', '-', 0, 0, '2', '2015-08-19 12:23:22', '', '', 'admin'),
('3273123010890001', '6df25624164943140da4e8e58a07f93e', 'Dani Nurgala Hermansyah', 'l', 'Bandung', '1989-10-30', 'Jl Binong jati Rt/Rw 06/05  Desa. Binong Kec. Batununggal (40275)', 'user.png', '', 0, 0, '2', '2015-08-19 12:23:22', '', '', 'admin'),
('3273125311880003', '43610938010c4f4748b6b3d54c0f34ef', 'Nova Kusumamandasari', 'p', 'Bandung', '1988-11-13', 'jl. kebon gedang 12 no 62/126e rt 05 rw 08', 'user.png', '-', 0, 0, '2', '2015-08-19 12:23:22', '', '', 'admin'),
('327313460673003', '719a25a8b4d30c5052dbbd7b79254a7c', 'Dian Candra Fatihah', 'p', 'Bandung', '1974-06-06', 'Komp. Seskoad Gatsu 96,Jl. Tanjungpura H-9 Desa. Lingkar Selatan Kec. Lengkong 40263', 'user.png', '-', 0, 0, '2', '2015-08-19 12:23:22', '', '', 'admin'),
('3273142402830011', 'c78f2da018012b3329a7cb3d7ade75a5', 'Muhamad Faizal Usman', 'l', 'Jakarta', '1983-02-24', 'Jakarta', 'user.png', 'Komputer', 0, 0, '2', '2015-08-19 12:23:22', '081224800577', 'faizal_uszman@yahoo.com', 'admin'),
('3273142804830007', 'a9a6259409ed4d5d35fa99829644bdf1', 'Awan Setiawan', 'l', 'Garut', '1983-04-28', 'Jl. Trs. Sukarajin III No. 26 Rt.02 Rw.12 Desa.Cikutra Kec.Cibeunying Kidul', 'sari$gmail.com', '', 0, 0, '0', '2015-08-19 12:23:22', '2', '2015-08-12 22:45:20', 'admin'),
('3273175603900002', '9ad025eba6e5978eaa858f59247fec10', 'Denis Suryaningsih', 'p', 'Kebumen', '1990-03-16', 'Jl. Kopo Gg. Cetarip Timur II Rt.06 Rw.05', 'user.png', '-', 0, 0, '2', '2015-08-19 12:23:22', '', '', 'admin'),
('3273200409700004', '748a5aa458e53131a5b8976910284376', 'Ahmad Budi Triatma', 'l', 'Palembang', '1970-09-04', 'Jl. Hantap Raya Rt.09/Rw.14', 'user.png', '-', 0, 0, '2', '2015-08-19 12:23:22', '', '', 'admin'),
('3273204309900003', '312a7a6ccafbcdde3947438b4a4b9719', 'Vera Dwi Handayani', 'p', 'Bandung', '1990-09-03', 'jalan malangbong 4 no 25 Rt.05 Rw.03', 'user.png', 'Konseling', 0, 0, '2', '2015-08-19 12:23:22', '', '', 'admin'),
('3273205907900005', '832a30e9fcd328087942c5f800257f09', 'Sintia Holida', 'p', 'Tasikmalaya', '1990-07-19', 'Jl. Cikampek Tengah 3 No. 19 Rt.04/Rw.07  Desa. Antapani Tengah Kec. Antapani 40291', 'user.png', '-', 1, 8, '2', '2015-08-19 12:23:22', '', '', 'admin'),
('3273224911810001', '87653a29e9857620460923ab83241396', 'Irma Nurbani', 'p', 'Tasikmalaya', '1981-11-09', 'Komp. Margahayu Raya Jl. Neptunus Timur I Blok K2 No. 40c Desa. sekejati Kec. Buah Batu 40286', 'user.png', '-', 1, 5, '2', '2015-08-19 12:23:22', '', '', 'admin'),
('3277011402730017', 'fe30da4fbfb488883f0cd30a5a195f02', 'Andrian Rukmawan', 'l', 'Bandung', '1973-02-14', 'Mendut Barat No. 15 Rt.02 Rw.12', 'user.png', '-', 0, 0, '2', '2015-08-19 12:23:22', '', '', 'admin'),
('9', '45c48cce2e2d7fbdea1afc51c7c6ad26', 'm', 'l', 'm', '0000-00-00', '0', 'm', '', 0, 0, '0', '2015-08-19 12:23:22', '2', '2015-08-13 08:01:56', 'admin');

-- --------------------------------------------------------

--
-- Struktur dari tabel `jurusan`
--

CREATE TABLE IF NOT EXISTS `jurusan` (
  `kode_jurusan` varchar(4) NOT NULL,
  `nama_jurusan` varchar(30) NOT NULL,
  `username_admin` varchar(12) NOT NULL
) ENGINE=InnoDB DEFAULT CHARSET=latin1;

--
-- Dumping data untuk tabel `jurusan`
--

INSERT INTO `jurusan` (`kode_jurusan`, `nama_jurusan`, `username_admin`) VALUES
('AK', 'Akuntansi', 'admin'),
('AP', 'Akomodasi Perhotelan', 'admin'),
('FAR', 'Farmasi', 'admin'),
('JB', 'Jasa Boga', 'admin'),
('OTO', 'Otomotif', 'admin'),
('RPL', 'Rekayasa Perangkat Lunak', 'admin'),
('TIK', 'Teknik Ilmu Komputer', 'admin'),
('TKJ', 'Teknik Komputer Jaringan', 'admin'),
('TSM', 'Teknik Sepeda Motor', 'admin');

-- --------------------------------------------------------

--
-- Struktur dari tabel `kelas`
--

CREATE TABLE IF NOT EXISTS `kelas` (
  `kode_kelas` varchar(3) NOT NULL DEFAULT '',
  `nama_kelas` varchar(25) DEFAULT NULL,
  `username_admin` varchar(12) NOT NULL
) ENGINE=InnoDB DEFAULT CHARSET=latin1;

--
-- Dumping data untuk tabel `kelas`
--

INSERT INTO `kelas` (`kode_kelas`, `nama_kelas`, `username_admin`) VALUES
('1', 'X', 'admin'),
('2', 'XI', 'admin'),
('3', 'XII', 'admin');

-- --------------------------------------------------------

--
-- Struktur dari tabel `kelasjurusan`
--

CREATE TABLE IF NOT EXISTS `kelasjurusan` (
  `id_kelasjurusan` int(11) NOT NULL,
  `kode_kelas` varchar(3) NOT NULL,
  `kode_jurusan` varchar(3) NOT NULL
) ENGINE=InnoDB AUTO_INCREMENT=15 DEFAULT CHARSET=latin1;

--
-- Dumping data untuk tabel `kelasjurusan`
--

INSERT INTO `kelasjurusan` (`id_kelasjurusan`, `kode_kelas`, `kode_jurusan`) VALUES
(1, '3', 'TKJ'),
(2, '3', 'RPL'),
(3, '3', 'AP'),
(4, '3', 'JB'),
(5, '3', 'AK'),
(6, '1', 'TIK'),
(8, '2', 'RPL'),
(9, '2', 'FAR'),
(10, '2', 'AP'),
(11, '2', 'JB'),
(12, '3', 'FAR'),
(13, '1', 'AK'),
(14, '1', 'AP');

-- --------------------------------------------------------

--
-- Struktur dari tabel `mapel`
--

CREATE TABLE IF NOT EXISTS `mapel` (
  `id_mapel` int(11) NOT NULL,
  `nama_mapel` varchar(50) NOT NULL,
  `kategori_mapel` varchar(5) NOT NULL,
  `username_admin` varchar(12) NOT NULL
) ENGINE=InnoDB AUTO_INCREMENT=29 DEFAULT CHARSET=latin1;

--
-- Dumping data untuk tabel `mapel`
--

INSERT INTO `mapel` (`id_mapel`, `nama_mapel`, `kategori_mapel`, `username_admin`) VALUES
(1, 'KKPI', 'C1', 'admin'),
(2, 'Pemrograman Web', 'C2', 'admin'),
(3, 'Pemrograman Berorientasi Objek', 'C2', 'admin'),
(4, 'Basis Data', 'C2', 'admin'),
(5, 'DBMS', 'C2', 'admin'),
(6, 'Pemodelan Perangkat Lunak', 'C2', 'admin'),
(7, 'Simulasi Digital', 'C2', 'admin'),
(8, 'Kewirausahaan', 'B', 'admin'),
(9, 'Pendidikan Lingkungan Hidup', 'C1', 'admin'),
(10, 'Sejarah Indonesia', 'A', 'admin'),
(11, 'Sistem Operasi', 'C2', 'admin'),
(12, 'Perakitan Komputer', 'C2', 'admin'),
(13, 'Pemrograman Dasar', 'C2', 'admin'),
(14, 'Sistem Komputer', 'C2', 'admin'),
(15, 'Matematika', 'A', 'admin'),
(16, 'Jaringan Dasar', 'C2', 'admin'),
(17, 'Fisika', 'C1', 'admin'),
(18, 'Bahasa Inggris', 'A', 'admin'),
(19, 'Bahasa Sunda', 'C1', 'admin'),
(20, 'Pendidikan Pancasila dan Kewarganegaraan', 'A', 'admin'),
(21, 'BP/BK', 'C1', 'admin'),
(22, 'Bahasa Indonesia', 'A', 'admin'),
(23, 'Seni Budaya', 'B', 'admin'),
(25, 'Pendidikan Jasmani dan Kesehatan', 'B', 'admin'),
(26, 'Pendidikan Agama dan Budi Pekerti', 'A', 'admin'),
(28, '', '', 'admin');

-- --------------------------------------------------------

--
-- Struktur dari tabel `nilai`
--

CREATE TABLE IF NOT EXISTS `nilai` (
  `id_nilai` int(11) NOT NULL,
  `id_pelajaran` int(11) NOT NULL,
  `nap` float NOT NULL,
  `nak` float NOT NULL,
  `nas` float NOT NULL,
  `nap_pul` float NOT NULL,
  `nak_pul` float NOT NULL,
  `nas_pul` float NOT NULL,
  `grade_p` varchar(3) NOT NULL,
  `grade_k` varchar(3) NOT NULL,
  `grade_s` varchar(3) NOT NULL,
  `antar_mapel` varchar(255) DEFAULT 'Tidak ada',
  `created_at` timestamp NOT NULL DEFAULT '0000-00-00 00:00:00',
  `updated_at` timestamp NOT NULL DEFAULT CURRENT_TIMESTAMP ON UPDATE CURRENT_TIMESTAMP
) ENGINE=InnoDB AUTO_INCREMENT=29 DEFAULT CHARSET=latin1;

--
-- Dumping data untuk tabel `nilai`
--

INSERT INTO `nilai` (`id_nilai`, `id_pelajaran`, `nap`, `nak`, `nas`, `nap_pul`, `nak_pul`, `nas_pul`, `grade_p`, `grade_k`, `grade_s`, `antar_mapel`, `created_at`, `updated_at`) VALUES
(2, 30, 3.26, 3.26, 3.5, 87.5, 87.8125, 87.5, 'B+', 'B+', 'B', 'Tidak ada', '2015-08-01 07:29:54', '2015-08-01 07:29:54'),
(3, 31, 3.59, 1.26, 3.66667, 92.875, 56.375, 91.6667, 'A-', 'D+', 'SB', 'Tidak ada', '2015-08-01 07:30:02', '2015-08-01 07:30:02'),
(4, 32, 3.09, 2.93, 3.83333, 84.25, 82.625, 95.8333, 'B', 'B', 'SB', 'Tidak ada', '2015-08-01 07:30:46', '2015-08-01 07:30:46'),
(5, 33, 3.18, 3.17, 3.83333, 86.25, 85.875, 95.8333, 'B+', 'B', 'SB', 'Tidak ada', '2015-08-01 08:13:08', '2015-08-01 08:13:08'),
(6, 34, 1.34, 2.5, 2.9, 57.75, 74.375, 72.5, 'D++', 'C+', 'B', 'Tidak ada', '2015-08-01 08:13:17', '2015-08-01 08:13:17'),
(28, 139, 2.77, 2.51, 3.83, 79.88, 75.63, 95.75, 'B-', 'B-', 'SB', '', '2015-08-19 13:37:11', '2015-08-19 13:37:11');

-- --------------------------------------------------------

--
-- Struktur dari tabel `nilai_keterampilan`
--

CREATE TABLE IF NOT EXISTS `nilai_keterampilan` (
  `id_nilai_keterampilan` int(11) NOT NULL,
  `id_pelajaran` int(11) DEFAULT NULL,
  `npra1` tinyint(4) NOT NULL,
  `npra2` tinyint(4) NOT NULL,
  `npra3` tinyint(4) NOT NULL,
  `npra4` tinyint(4) NOT NULL,
  `npra5` tinyint(4) NOT NULL,
  `npra6` tinyint(4) NOT NULL,
  `npra7` tinyint(4) NOT NULL,
  `npra8` tinyint(4) NOT NULL,
  `nproy` tinyint(4) NOT NULL,
  `nport` tinyint(4) NOT NULL,
  `created_at` timestamp NOT NULL DEFAULT CURRENT_TIMESTAMP ON UPDATE CURRENT_TIMESTAMP,
  `updated_at` timestamp NOT NULL DEFAULT '0000-00-00 00:00:00'
) ENGINE=InnoDB AUTO_INCREMENT=38 DEFAULT CHARSET=latin1;

--
-- Dumping data untuk tabel `nilai_keterampilan`
--

INSERT INTO `nilai_keterampilan` (`id_nilai_keterampilan`, `id_pelajaran`, `npra1`, `npra2`, `npra3`, `npra4`, `npra5`, `npra6`, `npra7`, `npra8`, `nproy`, `nport`, `created_at`, `updated_at`) VALUES
(6, 29, 100, 90, 88, 90, 78, 85, 85, 85, 90, 80, '2015-08-01 07:18:52', '2015-08-01 07:18:52'),
(7, 30, 80, 80, 90, 99, 80, 89, 90, 90, 99, 100, '2015-08-01 07:22:52', '2015-08-01 07:22:52'),
(8, 31, 75, 80, 83, 95, 60, 65, 73, 80, 85, 4, '2015-08-01 07:27:38', '2015-08-01 07:24:55'),
(9, 32, 80, 90, 90, 80, 75, 88, 89, 98, 90, 90, '2015-08-01 07:28:42', '2015-08-01 07:28:42'),
(10, 33, 90, 90, 90, 90, 78, 88, 90, 90, 90, 99, '2015-08-01 07:48:31', '2015-08-01 07:48:31'),
(11, 34, 100, 50, 80, 90, 90, 90, 60, 80, 100, 60, '2015-08-01 08:09:20', '2015-08-01 08:09:20'),
(17, 36, 88, 90, 95, 75, 88, 70, 70, 90, 90, 90, '2015-08-03 11:17:37', '2015-08-03 11:17:37'),
(18, 37, 90, 90, 80, 90, 80, 90, 90, 100, 100, 100, '2015-08-03 11:19:19', '2015-08-03 11:19:19'),
(19, 38, 90, 90, 90, 90, 75, 77, 75, 80, 80, 90, '2015-08-03 11:20:43', '2015-08-03 11:20:43'),
(20, 39, 100, 95, 95, 95, 75, 75, 80, 90, 90, 95, '2015-08-03 11:22:02', '2015-08-03 11:22:02'),
(21, 40, 95, 95, 95, 88, 90, 90, 90, 90, 90, 90, '2015-08-03 11:23:39', '2015-08-03 11:23:39'),
(22, 149, 80, 85, 70, 70, 80, 80, 80, 80, 90, 90, '2015-08-15 07:47:50', '2015-08-15 07:47:50'),
(23, 150, 90, 90, 90, 90, 90, 90, 90, 90, 90, 90, '2015-08-15 07:48:46', '2015-08-15 07:48:46'),
(24, 133, 90, 90, 90, 90, 90, 90, 90, 90, 90, 90, '2015-08-15 07:52:59', '2015-08-15 07:52:59'),
(25, 132, 90, 90, 90, 90, 90, 90, 90, 90, 90, 90, '2015-08-15 07:53:49', '2015-08-15 07:53:49'),
(26, 72, 90, 90, 90, 90, 90, 90, 90, 90, 90, 90, '2015-08-15 07:55:50', '2015-08-15 07:55:50'),
(27, 73, 70, 70, 70, 70, 75, 75, 80, 90, 60, 70, '2015-08-15 07:56:41', '2015-08-15 07:56:41'),
(28, 54, 80, 80, 80, 80, 70, 70, 70, 70, 90, 90, '2015-08-15 07:58:29', '2015-08-15 07:58:29'),
(29, 55, 90, 80, 80, 80, 80, 80, 90, 80, 85, 75, '2015-08-15 07:58:59', '2015-08-15 07:58:59'),
(30, 144, 80, 90, 90, 90, 66, 76, 76, 76, 80, 85, '2015-08-15 08:00:19', '2015-08-15 08:00:19'),
(31, 145, 75, 75, 90, 90, 75, 75, 80, 80, 80, 90, '2015-08-15 08:00:44', '2015-08-15 08:00:44'),
(32, 66, 90, 90, 90, 90, 90, 90, 90, 90, 90, 90, '2015-08-15 08:02:41', '2015-08-15 08:02:41'),
(33, 67, 90, 90, 90, 75, 75, 60, 55, 60, 80, 85, '2015-08-15 08:03:30', '2015-08-15 08:03:30'),
(34, 60, 75, 75, 75, 75, 90, 90, 80, 80, 85, 85, '2015-08-15 08:04:45', '2015-08-15 08:04:45'),
(35, 61, 80, 80, 80, 90, 90, 80, 80, 80, 75, 75, '2015-08-15 08:05:23', '2015-08-15 08:05:23'),
(36, 138, 60, 70, 70, 70, 70, 70, 70, 70, 67, 60, '2015-08-15 08:06:28', '2015-08-15 08:06:28'),
(37, 139, 80, 90, 80, 75, 75, 75, 75, 75, 75, 90, '2015-08-15 08:07:18', '2015-08-15 08:07:18');

-- --------------------------------------------------------

--
-- Struktur dari tabel `nilai_pengetahuan`
--

CREATE TABLE IF NOT EXISTS `nilai_pengetahuan` (
  `id_nilai_pengetahuan` int(11) NOT NULL,
  `id_pelajaran` int(11) DEFAULT NULL,
  `nuh1` tinyint(4) NOT NULL,
  `nuh2` tinyint(4) NOT NULL,
  `nuh3` tinyint(4) NOT NULL,
  `nuh4` tinyint(4) NOT NULL,
  `nilaiuts` tinyint(4) NOT NULL,
  `nilaiuas` tinyint(4) NOT NULL,
  `created_at` timestamp NOT NULL DEFAULT '0000-00-00 00:00:00',
  `updated_at` timestamp NOT NULL DEFAULT CURRENT_TIMESTAMP ON UPDATE CURRENT_TIMESTAMP
) ENGINE=InnoDB AUTO_INCREMENT=42 DEFAULT CHARSET=latin1;

--
-- Dumping data untuk tabel `nilai_pengetahuan`
--

INSERT INTO `nilai_pengetahuan` (`id_nilai_pengetahuan`, `id_pelajaran`, `nuh1`, `nuh2`, `nuh3`, `nuh4`, `nilaiuts`, `nilaiuas`, `created_at`, `updated_at`) VALUES
(10, 29, 80, 80, 75, 75, 88, 66, '2015-08-01 07:12:29', '2015-08-19 13:41:07'),
(11, 30, 80, 80, 80, 88, 99, 87, '2015-08-01 07:22:11', '2015-08-01 07:22:11'),
(12, 31, 90, 99, 80, 98, 100, 88, '2015-08-01 07:24:00', '2015-08-01 07:24:00'),
(13, 32, 100, 90, 90, 80, 77, 80, '2015-08-01 07:28:10', '2015-08-01 07:28:10'),
(14, 33, 80, 80, 90, 80, 90, 90, '2015-08-01 07:39:58', '2015-08-01 07:39:58'),
(15, 34, 60, 70, 77, 75, 50, 40, '2015-08-01 08:09:48', '2015-08-01 08:09:48'),
(21, 36, 90, 90, 90, 90, 90, 100, '2015-08-03 11:16:53', '2015-08-03 11:16:53'),
(22, 37, 100, 90, 90, 88, 95, 95, '2015-08-03 11:18:39', '2015-08-03 11:18:39'),
(23, 38, 90, 95, 95, 95, 88, 100, '2015-08-03 11:20:14', '2015-08-03 11:20:14'),
(24, 39, 90, 90, 90, 90, 85, 100, '2015-08-03 11:21:26', '2015-08-03 11:21:26'),
(25, 40, 90, 90, 90, 95, 100, 100, '2015-08-03 11:23:15', '2015-08-03 11:23:15'),
(26, 149, 90, 90, 90, 90, 75, 80, '2015-08-15 07:47:27', '2015-08-15 07:47:27'),
(27, 150, 90, 90, 90, 90, 90, 90, '2015-08-15 07:48:29', '2015-08-15 07:48:29'),
(28, 133, 90, 90, 90, 90, 90, 90, '2015-08-15 07:52:44', '2015-08-15 07:52:44'),
(29, 132, 90, 90, 90, 90, 90, 90, '2015-08-15 07:53:33', '2015-08-15 07:53:33'),
(30, 72, 90, 90, 90, 90, 90, 90, '2015-08-15 07:55:36', '2015-08-15 07:55:36'),
(31, 73, 90, 90, 90, 90, 70, 60, '2015-08-15 07:56:21', '2015-08-15 07:56:21'),
(32, 54, 90, 90, 75, 75, 80, 80, '2015-08-15 07:58:11', '2015-08-15 07:58:11'),
(33, 55, 80, 80, 80, 70, 70, 70, '2015-08-15 07:58:43', '2015-08-15 07:58:43'),
(34, 144, 90, 90, 90, 90, 75, 75, '2015-08-15 08:00:03', '2015-08-15 08:00:03'),
(35, 145, 85, 85, 85, 85, 90, 90, '2015-08-15 08:00:30', '2015-08-15 08:00:30'),
(36, 66, 90, 9, 90, 90, 90, 90, '2015-08-15 08:02:24', '2015-08-15 08:02:24'),
(37, 67, 85, 85, 85, 75, 75, 90, '2015-08-15 08:03:11', '2015-08-15 08:03:11'),
(38, 60, 90, 90, 90, 90, 90, 100, '2015-08-15 08:04:32', '2015-08-15 08:04:32'),
(39, 61, 85, 85, 85, 85, 90, 90, '2015-08-15 08:05:09', '2015-08-15 08:05:09'),
(40, 138, 90, 90, 90, 90, 90, 90, '2015-08-15 08:06:08', '2015-08-15 08:06:08'),
(41, 139, 80, 80, 80, 75, 75, 87, '2015-08-15 08:07:01', '2015-08-15 08:07:01');

-- --------------------------------------------------------

--
-- Struktur dari tabel `nilai_sikap`
--

CREATE TABLE IF NOT EXISTS `nilai_sikap` (
  `id_nilai_sikap` int(11) NOT NULL,
  `id_pelajaran` int(11) DEFAULT NULL,
  `nob1` float NOT NULL,
  `nob2` float NOT NULL,
  `nob3` float NOT NULL,
  `nob4` float NOT NULL,
  `nob5` float NOT NULL,
  `nob6` float NOT NULL,
  `nob7` float NOT NULL,
  `nob8` float NOT NULL,
  `nob9` float NOT NULL,
  `nob10` float NOT NULL,
  `nob11` float NOT NULL,
  `nob12` float NOT NULL,
  `nds` float NOT NULL,
  `nat` float NOT NULL,
  `nj` float NOT NULL,
  `created_at` timestamp NOT NULL DEFAULT CURRENT_TIMESTAMP ON UPDATE CURRENT_TIMESTAMP,
  `updated_at` timestamp NOT NULL DEFAULT '0000-00-00 00:00:00'
) ENGINE=InnoDB AUTO_INCREMENT=37 DEFAULT CHARSET=latin1;

--
-- Dumping data untuk tabel `nilai_sikap`
--

INSERT INTO `nilai_sikap` (`id_nilai_sikap`, `id_pelajaran`, `nob1`, `nob2`, `nob3`, `nob4`, `nob5`, `nob6`, `nob7`, `nob8`, `nob9`, `nob10`, `nob11`, `nob12`, `nds`, `nat`, `nj`, `created_at`, `updated_at`) VALUES
(5, 29, 3, 3, 3, 4, 3, 4, 4, 4, 3, 3, 4, 4, 4, 3, 4, '2015-08-01 07:21:37', '2015-08-01 07:21:37'),
(6, 30, 2, 3, 4, 4, 4, 4, 3, 4, 3, 3, 4, 4, 4, 4, 3, '2015-08-01 07:23:27', '2015-08-01 07:23:27'),
(7, 31, 3, 3, 3, 3, 4, 4, 4, 4, 3, 4, 3, 3, 4, 4, 4, '2015-08-01 07:25:32', '2015-08-01 07:25:32'),
(8, 32, 4, 4, 4, 4, 4, 4, 4, 4, 4, 4, 3, 4, 4, 4, 4, '2015-08-01 07:29:11', '2015-08-01 07:29:11'),
(9, 33, 4, 4, 4, 4, 4, 4, 4, 4, 4, 3, 4, 4, 4, 4, 4, '2015-08-01 07:56:52', '2015-08-01 07:56:52'),
(10, 34, 3, 3, 3, 3, 3, 3, 3, 3, 3, 3, 3, 3, 3, 3, 3, '2015-08-01 08:05:26', '2015-08-01 08:05:26'),
(16, 36, 4, 4, 4, 4, 3, 3, 3, 3, 4, 4, 4, 4, 4, 4, 4, '2015-08-03 11:18:07', '2015-08-03 11:18:07'),
(17, 37, 4, 4, 4, 4, 4, 4, 4, 4, 4, 4, 4, 4, 4, 4, 4, '2015-08-03 11:19:36', '2015-08-03 11:19:36'),
(18, 38, 3, 3, 3, 3, 4, 4, 3, 3, 4, 4, 4, 4, 4, 4, 4, '2015-08-03 11:21:07', '2015-08-03 11:21:07'),
(19, 39, 4, 4, 4, 4, 4, 4, 4, 4, 4, 4, 4, 4, 3, 3, 3, '2015-08-03 11:22:55', '2015-08-03 11:22:55'),
(20, 40, 4, 4, 3, 4, 3, 3, 3, 3, 3, 4, 4, 4, 4, 4, 4, '2015-08-03 11:25:04', '2015-08-03 11:25:04'),
(21, 149, 3, 3, 3, 3, 4, 4, 4, 4, 4, 4, 4, 4, 4, 4, 4, '2015-08-15 07:48:10', '2015-08-15 07:48:10'),
(22, 150, 4, 4, 4, 4, 4, 4, 4, 4, 4, 4, 4, 4, 4, 4, 4, '2015-08-15 07:49:02', '2015-08-15 07:49:02'),
(23, 133, 4, 4, 4, 4, 4, 4, 4, 4, 4, 3, 4, 4, 4, 4, 4, '2015-08-15 07:53:16', '2015-08-15 07:53:16'),
(24, 132, 4, 4, 4, 4, 4, 4, 4, 4, 4, 4, 4, 4, 4, 4, 4, '2015-08-15 07:54:08', '2015-08-15 07:54:08'),
(25, 72, 4, 4, 4, 4, 4, 4, 4, 4, 4, 4, 4, 4, 4, 4, 4, '2015-08-15 07:56:06', '2015-08-15 07:56:06'),
(26, 73, 3, 3, 3, 3, 3, 3, 3, 3, 3, 3, 3, 3, 3, 3, 3, '2015-08-15 07:56:56', '2015-08-15 07:56:56'),
(27, 54, 4, 4, 4, 4, 3, 3, 3, 3, 4, 4, 4, 4, 4, 3, 4, '2015-08-15 07:59:19', '2015-08-15 07:59:19'),
(28, 55, 4, 4, 4, 4, 4, 4, 4, 4, 4, 4, 4, 4, 4, 4, 4, '2015-08-15 07:59:37', '2015-08-15 07:59:37'),
(29, 144, 3, 3, 3, 3, 4, 4, 4, 4, 3, 3, 4, 4, 4, 4, 4, '2015-08-15 08:01:07', '2015-08-15 08:01:07'),
(30, 145, 4, 4, 4, 4, 4, 4, 4, 4, 4, 4, 4, 4, 4, 4, 4, '2015-08-15 08:01:29', '2015-08-15 08:01:29'),
(31, 66, 3, 3, 3, 3, 3, 3, 3, 3, 4, 4, 4, 4, 4, 4, 4, '2015-08-15 08:02:58', '2015-08-15 08:02:58'),
(32, 67, 3, 3, 3, 3, 3, 4, 4, 4, 4, 4, 4, 4, 4, 4, 4, '2015-08-15 08:03:44', '2015-08-15 08:03:44'),
(33, 60, 4, 4, 4, 4, 4, 4, 4, 4, 4, 4, 4, 4, 4, 4, 4, '2015-08-15 08:04:57', '2015-08-15 08:04:57'),
(34, 61, 4, 4, 4, 4, 4, 4, 4, 4, 4, 4, 4, 4, 3, 4, 4, '2015-08-15 08:05:45', '2015-08-15 08:05:45'),
(35, 138, 4, 4, 4, 4, 4, 4, 4, 4, 4, 4, 4, 4, 4, 4, 4, '2015-08-15 08:06:41', '2015-08-15 08:06:41'),
(36, 139, 4, 4, 4, 4, 4, 4, 4, 4, 4, 4, 3, 4, 4, 4, 4, '2015-08-15 08:07:38', '2015-08-15 08:07:38');

-- --------------------------------------------------------

--
-- Struktur dari tabel `pelajaran`
--

CREATE TABLE IF NOT EXISTS `pelajaran` (
  `id_pelajaran` int(11) NOT NULL,
  `nip` varchar(16) NOT NULL,
  `nis` varchar(10) NOT NULL,
  `id_kelasjurusan` int(11) NOT NULL,
  `id_mapel` int(11) NOT NULL,
  `semester` tinyint(4) NOT NULL,
  `tahun_mengajar` char(9) NOT NULL
) ENGINE=InnoDB AUTO_INCREMENT=234 DEFAULT CHARSET=latin1;

--
-- Dumping data untuk tabel `pelajaran`
--

INSERT INTO `pelajaran` (`id_pelajaran`, `nip`, `nis`, `id_kelasjurusan`, `id_mapel`, `semester`, `tahun_mengajar`) VALUES
(29, '3273142402830011', '1415100616', 6, 2, 2, '2014/2015'),
(30, '3273142402830011', '1415100617', 6, 2, 2, '2014/2015'),
(31, '3273142402830011', '1415100618', 6, 2, 2, '2014/2015'),
(32, '3273142402830011', '1415100622', 6, 2, 2, '2014/2015'),
(33, '3273142402830011', '1415100623', 6, 2, 2, '2014/2015'),
(34, '3273142402830011', '1415100624', 6, 2, 2, '2014/2015'),
(36, '1050096208633004', '1415100617', 6, 8, 2, '2014/2015'),
(37, '1050096208633004', '1415100618', 6, 8, 2, '2014/2015'),
(38, '1050096208633004', '1415100622', 6, 8, 2, '2014/2015'),
(39, '1050096208633004', '1415100623', 6, 8, 2, '2014/2015'),
(40, '1050096208633004', '1415100624', 6, 8, 2, '2014/2015'),
(42, '327313460673003', '1415100617', 6, 9, 2, '2014/2015'),
(43, '327313460673003', '1415100618', 6, 9, 2, '2014/2015'),
(44, '327313460673003', '1415100622', 6, 9, 2, '2014/2015'),
(45, '327313460673003', '1415100623', 6, 9, 2, '2014/2015'),
(46, '327313460673003', '1415100624', 6, 9, 2, '2014/2015'),
(48, '3273224911810001', '1415100617', 6, 10, 2, '2014/2015'),
(49, '3273224911810001', '1415100618', 6, 10, 2, '2014/2015'),
(50, '3273224911810001', '1415100622', 6, 10, 2, '2014/2015'),
(51, '3273224911810001', '1415100623', 6, 10, 2, '2014/2015'),
(52, '3273224911810001', '1415100624', 6, 10, 2, '2014/2015'),
(54, '3173071406800003', '1415100617', 6, 11, 2, '2014/2015'),
(55, '3173071406800003', '1415100618', 6, 11, 2, '2014/2015'),
(56, '3173071406800003', '1415100622', 6, 11, 2, '2014/2015'),
(57, '3173071406800003', '1415100623', 6, 11, 2, '2014/2015'),
(58, '3173071406800003', '1415100624', 6, 11, 2, '2014/2015'),
(60, '3204280708830010', '1415100617', 6, 13, 2, '2014/2015'),
(61, '3204280708830010', '1415100618', 6, 13, 2, '2014/2015'),
(62, '3204280708830010', '1415100622', 6, 13, 2, '2014/2015'),
(63, '3204280708830010', '1415100623', 6, 13, 2, '2014/2015'),
(64, '3204280708830010', '1415100624', 6, 13, 2, '2014/2015'),
(66, '3203071311820007', '1415100617', 6, 15, 2, '2014/2015'),
(67, '3203071311820007', '1415100618', 6, 15, 2, '2014/2015'),
(68, '3203071311820007', '1415100622', 6, 15, 2, '2014/2015'),
(69, '3203071311820007', '1415100623', 6, 15, 2, '2014/2015'),
(70, '3203071311820007', '1415100624', 6, 15, 2, '2014/2015'),
(72, '1050171602733010', '1415100617', 6, 16, 2, '2014/2015'),
(73, '1050171602733010', '1415100618', 6, 16, 2, '2014/2015'),
(74, '1050171602733010', '1415100622', 6, 16, 2, '2014/2015'),
(75, '1050171602733010', '1415100623', 6, 16, 2, '2014/2015'),
(76, '1050171602733010', '1415100624', 6, 16, 2, '2014/2015'),
(78, '3210011803870021', '1415100617', 6, 17, 2, '2014/2015'),
(79, '3210011803870021', '1415100618', 6, 17, 2, '2014/2015'),
(80, '3210011803870021', '1415100622', 6, 17, 2, '2014/2015'),
(81, '3210011803870021', '1415100623', 6, 17, 2, '2014/2015'),
(82, '3210011803870021', '1415100624', 6, 17, 2, '2014/2015'),
(84, '3273125311880003', '1415100617', 6, 18, 2, '2014/2015'),
(85, '3273125311880003', '1415100618', 6, 18, 2, '2014/2015'),
(86, '3273125311880003', '1415100622', 6, 18, 2, '2014/2015'),
(87, '3273125311880003', '1415100623', 6, 18, 2, '2014/2015'),
(88, '3273125311880003', '1415100624', 6, 18, 2, '2014/2015'),
(90, '3273205907900005', '1415100617', 6, 19, 2, '2014/2015'),
(91, '3273205907900005', '1415100618', 6, 19, 2, '2014/2015'),
(92, '3273205907900005', '1415100622', 6, 19, 2, '2014/2015'),
(93, '3273205907900005', '1415100623', 6, 19, 2, '2014/2015'),
(94, '3273205907900005', '1415100624', 6, 19, 2, '2014/2015'),
(96, '3273175603900002', '1415100617', 6, 20, 2, '2014/2015'),
(97, '3273175603900002', '1415100618', 6, 20, 2, '2014/2015'),
(98, '3273175603900002', '1415100622', 6, 20, 2, '2014/2015'),
(99, '3273175603900002', '1415100623', 6, 20, 2, '2014/2015'),
(100, '3273175603900002', '1415100624', 6, 20, 2, '2014/2015'),
(102, '3273204309900003', '1415100617', 6, 21, 2, '2014/2015'),
(103, '3273204309900003', '1415100618', 6, 21, 2, '2014/2015'),
(104, '3273204309900003', '1415100622', 6, 21, 2, '2014/2015'),
(105, '3273204309900003', '1415100623', 6, 21, 2, '2014/2015'),
(106, '3273204309900003', '1415100624', 6, 21, 2, '2014/2015'),
(108, '3273045507730014', '1415100617', 6, 22, 2, '2014/2015'),
(109, '3273045507730014', '1415100618', 6, 22, 2, '2014/2015'),
(110, '3273045507730014', '1415100622', 6, 22, 2, '2014/2015'),
(111, '3273045507730014', '1415100623', 6, 22, 2, '2014/2015'),
(112, '3273045507730014', '1415100624', 6, 22, 2, '2014/2015'),
(114, '3205205603860001', '1415100617', 6, 23, 2, '2014/2015'),
(115, '3205205603860001', '1415100618', 6, 23, 2, '2014/2015'),
(116, '3205205603860001', '1415100622', 6, 23, 2, '2014/2015'),
(117, '3205205603860001', '1415100623', 6, 23, 2, '2014/2015'),
(118, '3205205603860001', '1415100624', 6, 23, 2, '2014/2015'),
(120, '3273123010890001', '1415100617', 6, 25, 2, '2014/2015'),
(121, '3273123010890001', '1415100618', 6, 25, 2, '2014/2015'),
(122, '3273123010890001', '1415100622', 6, 25, 2, '2014/2015'),
(123, '3273123010890001', '1415100623', 6, 25, 2, '2014/2015'),
(124, '3273123010890001', '1415100624', 6, 25, 2, '2014/2015'),
(126, '3207072702890001', '1415100617', 6, 26, 2, '2014/2015'),
(127, '3207072702890001', '1415100618', 6, 26, 2, '2014/2015'),
(128, '3207072702890001', '1415100622', 6, 26, 2, '2014/2015'),
(129, '3207072702890001', '1415100623', 6, 26, 2, '2014/2015'),
(130, '3207072702890001', '1415100624', 6, 26, 2, '2014/2015'),
(132, '0000000000000001', '1415100617', 6, 7, 2, '2014/2015'),
(133, '0000000000000001', '1415100618', 6, 7, 2, '2014/2015'),
(134, '0000000000000001', '1415100622', 6, 7, 2, '2014/2015'),
(135, '0000000000000001', '1415100623', 6, 7, 2, '2014/2015'),
(136, '0000000000000001', '1415100624', 6, 7, 2, '2014/2015'),
(138, '3204280708830010', '1415100617', 6, 14, 2, '2014/2015'),
(139, '3204280708830010', '1415100618', 6, 14, 2, '2014/2015'),
(140, '3204280708830010', '1415100622', 6, 14, 2, '2014/2015'),
(141, '3204280708830010', '1415100623', 6, 14, 2, '2014/2015'),
(142, '3204280708830010', '1415100624', 6, 14, 2, '2014/2015'),
(144, '3173071406800003', '1415100617', 6, 13, 2, '2014/2015'),
(145, '3173071406800003', '1415100618', 6, 13, 2, '2014/2015'),
(146, '3173071406800003', '1415100622', 6, 13, 2, '2014/2015'),
(147, '3173071406800003', '1415100623', 6, 13, 2, '2014/2015'),
(148, '3173071406800003', '1415100624', 6, 13, 2, '2014/2015'),
(149, '3273142402830011', '1314100421', 8, 4, 4, '2014/2015'),
(150, '3273142402830011', '1314100422', 8, 4, 4, '2014/2015'),
(151, '3273142402830011', '1314100423', 8, 4, 4, '2014/2015'),
(152, '3273142402830011', '1314100424', 8, 4, 4, '2014/2015'),
(153, '3273142402830011', '1314100425', 8, 4, 4, '2014/2015'),
(154, '3273142402830011', '1314100421', 8, 7, 4, '2014/2015'),
(155, '3273142402830011', '1314100422', 8, 7, 4, '2014/2015'),
(156, '3273142402830011', '1314100423', 8, 7, 4, '2014/2015'),
(157, '3273142402830011', '1314100424', 8, 7, 4, '2014/2015'),
(158, '3273142402830011', '1314100425', 8, 7, 4, '2014/2015'),
(159, '3273142402830011', '1314100449', 9, 7, 4, '2014/2015'),
(160, '3273142402830011', '1314100450', 9, 7, 4, '2014/2015'),
(161, '3273142402830011', '1314100451', 9, 7, 4, '2014/2015'),
(162, '3273142402830011', '1314100452', 9, 7, 4, '2014/2015'),
(163, '3273142402830011', '1314100455', 9, 7, 4, '2014/2015'),
(164, '3273142402830011', '1314100456', 9, 7, 4, '2014/2015'),
(165, '3273142402830011', '1314100457', 9, 7, 4, '2014/2015'),
(166, '3273142402830011', '1314100458', 9, 7, 4, '2014/2015'),
(167, '3273142402830011', '1314100481', 10, 7, 4, '2014/2015'),
(168, '3273142402830011', '1314100483', 10, 7, 4, '2014/2015'),
(169, '3273142402830011', '1314100484', 10, 7, 4, '2014/2015'),
(170, '3273142402830011', '1314100485', 10, 7, 4, '2014/2015'),
(171, '3273142402830011', '1314100487', 10, 7, 4, '2014/2015'),
(172, '3273142402830011', '1314100488', 10, 7, 4, '2014/2015'),
(173, '3273142402830011', '1314100489', 10, 7, 4, '2014/2015'),
(174, '3273142402830011', '1314100512', 11, 7, 4, '2014/2015'),
(175, '3273142402830011', '1314100513', 11, 7, 4, '2014/2015'),
(176, '3273142402830011', '1314100514', 11, 7, 4, '2014/2015'),
(177, '3273142402830011', '1314100515', 11, 7, 4, '2014/2015'),
(178, '3273142402830011', '1314100516', 11, 7, 4, '2014/2015'),
(179, '3273142402830011', '1314100517', 11, 7, 4, '2014/2015'),
(180, '3273142402830011', '1213100293', 1, 1, 6, '2014/2015'),
(181, '3273142402830011', '1213100294', 1, 1, 6, '2014/2015'),
(182, '3273142402830011', '1213100297', 1, 1, 6, '2014/2015'),
(183, '3273142402830011', '1213100287', 2, 1, 6, '2014/2015'),
(184, '3273142402830011', '1213100288', 2, 1, 6, '2014/2015'),
(185, '3273142402830011', '1213100289', 2, 1, 6, '2014/2015'),
(186, '3273142402830011', '1213100290', 2, 1, 6, '2014/2015'),
(187, '3273142402830011', '1213100291', 2, 1, 6, '2014/2015'),
(188, '3273142402830011', '1213100287', 2, 5, 6, '2014/2015'),
(189, '3273142402830011', '1213100288', 2, 5, 6, '2014/2015'),
(190, '3273142402830011', '1213100289', 2, 5, 6, '2014/2015'),
(191, '3273142402830011', '1213100290', 2, 5, 6, '2014/2015'),
(192, '3273142402830011', '1213100291', 2, 5, 6, '2014/2015'),
(193, '3273142402830011', '1213100287', 2, 2, 6, '2014/2015'),
(194, '3273142402830011', '1213100288', 2, 2, 6, '2014/2015'),
(195, '3273142402830011', '1213100289', 2, 2, 6, '2014/2015'),
(196, '3273142402830011', '1213100290', 2, 2, 6, '2014/2015'),
(197, '3273142402830011', '1213100291', 2, 2, 6, '2014/2015'),
(198, '3273142402830011', '1213100276', 3, 1, 6, '2014/2015'),
(199, '3273142402830011', '1213100277', 3, 1, 6, '2014/2015'),
(200, '3273142402830011', '1213100278', 3, 1, 6, '2014/2015'),
(201, '3273142402830011', '1213100279', 3, 1, 6, '2014/2015'),
(202, '3273142402830011', '1213100333', 3, 1, 6, '2014/2015'),
(203, '3273142402830011', '1213100280', 4, 1, 6, '2014/2015'),
(204, '3273142402830011', '1213100281', 4, 1, 6, '2014/2015'),
(205, '3273142402830011', '1213100282', 4, 1, 6, '2014/2015'),
(206, '3273142402830011', '1213100283', 4, 1, 6, '2014/2015'),
(207, '3273142402830011', '1213100284', 4, 1, 6, '2014/2015'),
(208, '3273142402830011', '1213100285', 4, 1, 6, '2014/2015'),
(209, '3273142402830011', '1213100286', 4, 1, 6, '2014/2015'),
(210, '3273142402830011', '1213100323', 5, 1, 6, '2014/2015'),
(211, '3273142402830011', '1213100324', 5, 1, 6, '2014/2015'),
(212, '3273142402830011', '1213100325', 5, 1, 6, '2014/2015'),
(213, '3273142402830011', '1213100326', 5, 1, 6, '2014/2015'),
(214, '3273142402830011', '1213100327', 5, 1, 6, '2014/2015'),
(215, '3273142402830011', '1213100328', 5, 1, 6, '2014/2015'),
(216, '3273142402830011', '1213100330', 5, 1, 6, '2014/2015'),
(217, '3273142402830011', '1213100331', 5, 1, 6, '2014/2015'),
(218, '3273142402830011', '1213100332', 5, 1, 6, '2014/2015'),
(219, '3273142402830011', '1213100336', 5, 1, 6, '2014/2015'),
(220, '3273142402830011', '1213100308', 12, 1, 6, '2014/2015'),
(221, '3273142402830011', '1213100309', 12, 1, 6, '2014/2015'),
(222, '3273142402830011', '1213100311', 12, 1, 6, '2014/2015'),
(223, '3273142402830011', '1213100312', 12, 1, 6, '2014/2015'),
(224, '3273142402830011', '1213100313', 12, 1, 6, '2014/2015'),
(225, '3273142402830011', '1213100314', 12, 1, 6, '2014/2015'),
(226, '3273142402830011', '1213100315', 12, 1, 6, '2014/2015'),
(227, '3273142402830011', '1213100316', 12, 1, 6, '2014/2015'),
(228, '3273142402830011', '1213100317', 12, 1, 6, '2014/2015'),
(229, '3273142402830011', '1213100318', 12, 1, 6, '2014/2015'),
(230, '3273142402830011', '1213100319', 12, 1, 6, '2014/2015'),
(231, '3273142402830011', '1213100320', 12, 1, 6, '2014/2015'),
(232, '3273142402830011', '1213100321', 12, 1, 6, '2014/2015'),
(233, '3273142402830011', '1213100322', 12, 1, 6, '2014/2015');

-- --------------------------------------------------------

--
-- Struktur dari tabel `semester`
--

CREATE TABLE IF NOT EXISTS `semester` (
  `id_semester` tinyint(4) NOT NULL,
  `semester` tinyint(4) DEFAULT NULL,
  `aktif` tinyint(4) DEFAULT NULL
) ENGINE=InnoDB DEFAULT CHARSET=latin1;

-- --------------------------------------------------------

--
-- Struktur dari tabel `siswa`
--

CREATE TABLE IF NOT EXISTS `siswa` (
  `nis` varchar(10) NOT NULL DEFAULT '',
  `password_siswa` varchar(32) NOT NULL,
  `nama_siswa` varchar(35) NOT NULL,
  `tempatlahir_siswa` varchar(20) NOT NULL,
  `tanggallahir_siswa` date NOT NULL,
  `jenis_kelamin_siswa` enum('p','l') NOT NULL,
  `alamat_siswa` text NOT NULL,
  `tahun_masuk` year(4) NOT NULL,
  `photo_siswa` varchar(100) NOT NULL,
  `id_kelasjurusan` int(11) NOT NULL,
  `status` varchar(1) NOT NULL,
  `username_admin` varchar(12) NOT NULL,
  `log` timestamp NOT NULL DEFAULT CURRENT_TIMESTAMP ON UPDATE CURRENT_TIMESTAMP
) ENGINE=InnoDB DEFAULT CHARSET=latin1;

--
-- Dumping data untuk tabel `siswa`
--

INSERT INTO `siswa` (`nis`, `password_siswa`, `nama_siswa`, `tempatlahir_siswa`, `tanggallahir_siswa`, `jenis_kelamin_siswa`, `alamat_siswa`, `tahun_masuk`, `photo_siswa`, `id_kelasjurusan`, `status`, `username_admin`, `log`) VALUES
('1213100276', '4defc58ebdd44ceed4bf8d4acb9b8932', 'Abdullah Makki ', 'Bandung', '1997-02-21', 'l', 'Komplek BSA Blok F No 8 RT.03/16 Ds. Bojongsoang Kec. Bojongsoang Kab. Bandung', 2012, 'user.png', 3, '2', 'admin', '2015-08-19 12:28:56'),
('1213100277', '4946d899f20417cada12fd1480344aa1', 'Petronela Austin Warinussy ', 'Timika', '1996-08-24', 'p', 'Jalan Sulaksana Gg. Sukarame Dalam RT.05/09 No.136/132B Kec. Kiaracondong Bandung ', 2012, 'user.png', 3, '2', 'admin', '2015-08-19 12:28:56'),
('1213100278', 'b8cab0837bf26c707c26a9170a31710a', 'Dina Oktaviani ', 'Bandung', '1997-10-05', 'p', 'Tanjung Laya RT.04/13 Kel. Sarimahi Kec. Ciparay Kab -Bandung', 2012, 'user.png', 3, '2', 'admin', '2015-08-19 12:28:56'),
('1213100279', '5ed52a3c6dd5d498ea885756217261c8', 'Freida Laura Ancelin Karubaba', 'tembagapura', '1997-02-27', 'p', 'Jalan Sulaksana Gg. Sukarame Dalam RT.05/09 No.136/132B Kec. Kiaracondong Bandung ', 2012, 'user.png', 3, '2', 'admin', '2015-08-19 12:28:56'),
('1213100280', 'dfe8d5fe572701b1974801afbee2dec1', 'Abdul Mazid Shidiq', 'Bandung', '1997-11-30', 'l', 'Jalan Jatihandap RT.01/15 No.15 Kec. Mandala Jati Bandung', 2012, 'user.png', 4, '2', 'admin', '2015-08-19 12:28:56'),
('1213100281', '74f43a07b107ee927437c913bd74c0d3', 'Abdul Syakur', 'Garut', '1997-06-25', 'l', 'Jalan Kampus 5b No.3 RT.05/08 Kel. Babakansari Kec. Kiaracondong Bandung', 2012, 'user.png', 4, '2', 'admin', '2015-08-19 12:28:56'),
('1213100282', 'db04466cad78d41e6ed7fed18b19a309', 'Nia Santiawati', 'Bandung', '1996-09-02', 'p', 'Jalan Gagak Gg. Tilil I No. 207A/144c RT.04/01 Kel.Sukaluyu Kec. Cibeunying Kaler Bandung', 2012, 'user.png', 4, '2', 'admin', '2015-08-19 12:28:56'),
('1213100283', '736fae0d9ef79adcd5b8eb759fc6f930', 'Rika Yulianti', 'Bandung', '1997-04-22', 'p', 'Jalan Pasir Impun Atas Kp. Pasir Impun No.60 RT.03/10 Kel. Cikadut Kec. Cimenyan Bandung', 2012, 'user.png', 4, '2', 'admin', '2015-08-19 12:28:56'),
('1213100284', 'adccf2241d693b9f8a53233ef4c328fd', 'Sopi Sapitri', 'Tasikmalaya', '1995-09-07', 'p', 'Jalan Terusan Jakarta No.39 RT.05/15 Kel.Sukamiskin Kec. Arcamanik  Bandung', 2012, 'user.png', 4, '2', 'admin', '2015-08-19 12:28:56'),
('1213100285', 'bc8c37dbe873761445e271b1f526e31e', 'Yasril Zakarya ', 'Bandung', '1996-12-31', 'l', 'Jalan Cijambe RT.04/06 No.17 Kel. Pasir Endah Kec. Ujungberung Bandung', 2012, 'user.png', 4, '2', 'admin', '2015-08-19 12:28:56'),
('1213100286', '0e7affc3e3600b0d689da497e98f6cc8', 'Yuli Antika ', 'Bangkalan', '1997-03-07', 'p', 'Jalan Sukanegla No. 26 RT.07/01 Kel. Antapani Kulon Kec. Antapani Bandung', 2012, 'user.png', 4, '2', 'admin', '2015-08-19 12:28:56'),
('1213100287', 'b4e7f4c863c852e9f498fd7cfe9abf2e', 'Annisa Fatahomi Umbara ', 'Bandung', '1997-07-18', 'p', 'Jalan Jenderal Ahmad Yani GG. Philips No51/125 A Cicadas Kel./ Kebonwaru  Kec. Batununggal Bandung', 2012, 'user.png', 2, '2', 'admin', '2015-08-19 12:28:56'),
('1213100288', '6562f9761cca973408281a5d9267da1a', 'Mohamad Reza', 'Bandung', '1997-11-18', 'l', 'Jalan Taman Sari Bawah  No.43/59 RT.02/20 Kec. Bandung Wetan Bandung', 2012, 'user.png', 2, '2', 'admin', '2015-08-19 12:28:56'),
('1213100289', 'fa8875b61a239d2a34608062f9c9aa24', 'Muhammad Salman ', 'Bandung', '1996-07-29', 'l', 'Jalan taman Sari Bawah No. 43/59 RT.02/20 Kec. Bandung Wetan Bandung', 2012, 'user.png', 2, '2', 'admin', '2015-08-19 12:28:56'),
('1213100290', 'df9cda3cfab0bf8aadd94498c6ceaf70', 'Nicola Chandra Prayestu ', 'Bandung', '1997-06-18', 'l', 'Jalan Sekemerak RT.04/17 Kec. Cimenyan Bandung', 2012, 'user.png', 2, '2', 'admin', '2015-08-19 12:28:56'),
('1213100291', '62a2358f9c95cfd0675e1f936b6d039b', 'Rizal Nugraha', 'Bandung', '1997-11-06', 'l', 'Jalan Cidurian Selatan Kubang Beureum Rt. 07/11 No. 67 Kel. Margacinta Kec. Kiaracondong Bandung', 2012, 'user.png', 2, '2', 'admin', '2015-08-19 12:28:56'),
('1213100292', 'f19a0c48ae4850e35f150365fb2347a8', 'Alif Rahman Hamdi ', 'Bandung', '1997-04-02', 'l', 'Komplek Bumi Panyileukan Blok I 3 No. 7 RT.01/08 Kec. Panyileukan Bandung', 2012, 'user.png', 1, '2', 'admin', '2015-08-19 12:28:56'),
('1213100293', '7ac238959a8d47edda7f166ec35f126b', 'Angga Lasmana', 'Bandung', '1997-04-27', 'l', 'Jalan Leumah Neundeut II No. 51 RT.07/08 Kel. Cikutra Kec. Cibeunying Kidul Bandung', 2012, 'user.png', 1, '2', 'admin', '2015-08-19 12:28:56'),
('1213100294', 'bbf64106b3effc6173ecab3072877ed0', 'Asep Agus Nugraha', 'Bandung', '1996-08-19', 'l', 'Parakan Saat RT.02/10 No. 206 Kel. Cisaranten Endah  Kec. Arcamanik Bandung ', 2012, 'user.png', 1, '2', 'admin', '2015-08-19 12:28:56'),
('1213100295', '5957f4bcc2d5ecc52472ae805ef00497', 'Ikbal Reza Danara', 'Bandung', '1997-06-27', 'l', 'Kp. Panggilingan Rt.03/02 Kec. Cimeunyan Bandung', 2012, 'user.png', 1, '2', 'admin', '2015-08-19 12:28:56'),
('1213100296', 'a4e0361438efb54421d6ba57f823b477', 'Mochamad Iwa Hermawan ', 'Bandung', '1996-12-19', 'l', 'Bunisari 84 RT.02/07 Kec. Antapani Bandung', 2012, 'user.png', 1, '2', 'admin', '2015-08-19 12:28:56'),
('1213100297', 'b706afe9a73715d10f148d3e62b380a1', 'Muhammad Irfan Rizki Akbari', 'Bandung', '1997-01-05', 'l', 'Jl. Sukabakti I No. 99 Rt/Rw 05/07 ', 2012, 'user.png', 1, '2', 'admin', '2015-08-19 12:28:56'),
('1213100298', '66287017a05fdf05459dad480e9f61fc', 'Muhammad Yogatama Putra Suhendar', 'Bandung', '1997-10-04', 'l', 'Komplek Griya Caraka F 63  RT.07/05 Kel. Endah Cisaranten Kec. Arcamanik', 2012, 'user.png', 1, '2', 'admin', '2015-08-19 12:28:56'),
('1213100299', '10b76a04cf86812edf14b69f3cee6d29', 'Nouval Krisna Maulana', 'Bandung', '1996-11-04', 'l', 'Kp. Pasir Tengah No. 03 RT.04/04 Kel. Pasirjati Kec. Cilengkrang Kab. Bandung', 2012, 'user.png', 1, '2', 'admin', '2015-08-19 12:28:56'),
('1213100300', 'ea1f08069efc7d356f34b48cc4026c22', 'Nunu Aripin', 'Bandung', '1997-03-02', 'l', 'Asep Berlian Dalam Cicadas Grang 2 RT.07/06 Kel. Cikutra Kec. Cieunying Kidul Bandung', 2012, 'user.png', 1, '2', 'admin', '2015-08-19 12:28:56'),
('1213100301', 'a44d817ce0ab39878280cecc30c57dd0', 'Nur Arif Muhamad Taufik ', 'Bandung', '1997-10-29', 'l', 'Jalan Cidurian Utara I RT.04/07 Kec. Cibeunying Kidul Bandung', 2012, 'user.png', 1, '2', 'admin', '2015-08-19 12:28:56'),
('1213100302', '4209eb1a9fa4c776d9bfa8e97cda1245', 'Rama Adji Pratama', 'Bandung', '1997-01-30', 'l', 'Jalan Babakan Haji Tamin No. 1 RT.04/13 Kec. Cibeunying Kidul Bandung', 2012, 'user.png', 1, '2', 'admin', '2015-08-19 12:28:56'),
('1213100303', 'd682511da730663e39ceb25b610433e7', 'Razka Aditya Safana ', 'Bandung', '1997-09-22', 'l', 'Jalan Babakan Haji Tamin No. 45 Kec. Cibeunying Kidul Bandung', 2012, 'user.png', 1, '2', 'admin', '2015-08-19 12:28:56'),
('1213100304', '44976d1a67c89c5eb9a8e4d0522c912e', 'Rizky Fadillah ', 'Bandung', '1997-04-27', 'l', 'Komplek USB YPKP Jalan Makro C-7 RT.04/14 Kel. Padasuka Kec. Cimenyan Bandung', 2012, 'user.png', 1, '2', 'admin', '2015-08-19 12:28:56'),
('1213100305', 'fbdbe1d18b34cb9c56e4cdb7c943386e', 'Tri Andina Agustin ', 'Bandung', '1997-08-03', 'p', 'Jalan Anyer Dalam No. 60 RT.06/04 Kec. Batununggal Bandung', 2012, 'user.png', 1, '2', 'admin', '2015-08-19 12:28:56'),
('1213100306', 'f18d748938b1204a642a28f7c10e4137', 'Umar Saepudin ', 'Bandung', '1997-02-18', 'l', 'jalan Melati IX E.22 RT.03/05 Ds. Melati Wangi Kec. Cilengkrang Bandung', 2012, 'user.png', 1, '2', 'admin', '2015-08-19 12:28:56'),
('1213100307', '55013c00cdf18d87a945e8a3689fad84', 'Yohanes Adianto Prabowo ', 'Yogyakarta', '1997-11-05', 'l', 'Yogyakarta', 2012, 'user.png', 1, '2', 'admin', '2015-08-19 12:28:56'),
('1213100308', '027fbb18c1d185719c67d47610755b14', 'Ayu Triana', 'Bandung', '1997-04-10', 'p', 'Jalan Hantap Raya No. 23 RT.01/12 No. 22 Kel. Babakan Surabaya Kec. Kiaracondong Bandung', 2012, 'user.png', 12, '2', 'admin', '2015-08-19 12:28:56'),
('1213100309', 'b734e14b72d2adee83496fc64c57c953', 'Bella Febrinandita', 'Bandung', '1997-02-17', 'p', 'Gang Kujang I No.108 RT.02/05 Kel. Cipadung Kec. Cibiru Bandung', 2012, 'user.png', 12, '2', 'admin', '2015-08-19 12:28:56'),
('1213100311', '20d4a29996b4cff0729eddec3be71766', 'Dyana Famelia Saing ', 'Bandung', '1998-01-02', 'p', 'Jalan Babakan Hantap RT.1/08 No. 23 Kec. Kiaracondong Bandung', 2012, 'user.png', 12, '2', 'admin', '2015-08-19 12:28:56'),
('1213100312', '1b873860929ee2cda4f72d1d022b0a3a', 'Eva Oktaviana', 'Bandung', '1997-10-30', 'l', 'Jalan Pasir Luhur RT.03/11 Padasuka Kec. Cimenyan Bandung', 2012, 'user.png', 12, '2', 'admin', '2015-08-19 12:28:56'),
('1213100313', '9688cb3e6058b5adbd626a62a9a27182', 'Gina Amaliatul Hasanah ', 'Bandung', '1997-08-11', 'p', 'Gang Sekepondok I RT.07/09 Kel. Padasuka Kec. Cibeunying Bandung', 2012, 'user.png', 12, '2', 'admin', '2015-08-19 12:28:56'),
('1213100314', '8e8a8cc4ffb6c770665ae168e4b456fa', 'Hendi Purwanto', 'Bandung', '1996-11-03', 'l', 'Jalan Mekar Sari Rt.06/16 Kiaracondong Bandung', 2012, 'user.png', 12, '2', 'admin', '2015-08-19 12:28:56'),
('1213100315', 'c19edfb66d6ed8e55d96b5a9da8b37f3', 'Irpan Agustian ', 'Bandung', '1997-08-24', 'l', 'Jalan Sulaksana RT..02/11  Kel. Cicaheum Kec. Kiaracondong Bandung', 2012, 'user.png', 12, '2', 'admin', '2015-08-19 12:28:56'),
('1213100316', '502edf29b3707600a3602ab0f2856420', 'Jajang Nurjaman', 'Bandung', '1996-03-22', 'l', 'Babakan Haji Tamim No. 48/139  RT.03/06 Kec. Cibeunying Kidul Bandung', 2012, 'user.png', 12, '2', 'admin', '2015-08-19 12:28:56'),
('1213100317', '2779bc1dc863cd2feb410333be8aaea7', 'Nova Maulani Yulianti ', 'Bandung', '1997-07-19', 'p', 'Jalan Ahmad Yani Gg. Suka Asih II Rt.06/10 No. 97 Kel. Cicaheum Kec. Kiaracondong Bandung', 2012, 'user.png', 12, '2', 'admin', '2015-08-19 12:28:56'),
('1213100318', '22812484048fbdaf721dc3aa8b862397', 'Nur Baiti ', 'Bandung', '1997-08-18', 'p', 'Jalan Randusari Timur No. 19 A RT.04/19 Kel. Antapani Kidul Kec. Antapani Bandung', 2012, 'user.png', 12, '2', 'admin', '2015-08-19 12:28:56'),
('1213100319', 'c18aeca4a6f56858aa48db1791652aab', 'Nurdiany Pratiwi ', 'Bandung', '1998-02-21', 'p', 'Jalan Jatihandap No. 8 RT.01/16 Kec. Mandala Jati Bandung', 2012, 'user.png', 12, '2', 'admin', '2015-08-19 12:28:56'),
('1213100320', '68f768827b0871ab9e70ba9dd6fac97e', 'Rahayu Siti Fatimah ', 'Bandung', '1997-04-23', 'p', 'Gang Kramat RT.07/01 Kec. Kiaracondong Bandung', 2012, 'user.png', 12, '2', 'admin', '2015-08-19 12:28:56'),
('1213100321', '2e737aebf6f87ba7b14177fe8396da30', 'Raras Eka Fujitri ', 'Bandung', '1997-11-27', 'p', 'Jalan Mekarjaya RT.02/05 Kec. Arcamanik Bandung ', 2012, 'user.png', 12, '2', 'admin', '2015-08-19 12:28:56'),
('1213100322', 'b679af2cd390806e7eee0677f429c73f', 'Siti Mariam ', 'Bandung', '1997-02-28', 'p', 'Jalan Sulaksana I Gg. Arkal I RT.04/07 Kl. Cicaheum Kec. Kiaracondong Bandung', 2012, 'user.png', 12, '2', 'admin', '2015-08-19 12:28:56'),
('1213100323', '428ef06a39ab5c6d277ce3cb98c6c399', 'Ade Rosdiani ', 'Bandung', '1997-10-23', 'p', 'Jalan Cikutra Gg. Sekepondok I RT.01/09 Padasuka Bandung', 2012, 'user.png', 5, '2', 'admin', '2015-08-19 12:28:56'),
('1213100324', '14cbbb9247ab22bb39b701c86237f0dd', 'Eris Lusiyana', 'Garut', '1997-01-27', 'p', 'Jalan Babakan H. Tamim No.02/139A RT.03/06 Padasuka Bandung', 2012, 'user.png', 5, '2', 'admin', '2015-08-19 12:28:56'),
('1213100325', '45b9e1d9f6894c10f6a9606245859d2f', 'Ghaitsa Zahira Shofa ', 'Bandung', '1997-05-06', 'p', 'Jalan Pasir leutik RT.02/09 Ni.16 Kec. Cibeunying Kidul Bandung', 2012, 'user.png', 5, '2', 'admin', '2015-08-19 12:28:56'),
('1213100326', '7b370a3cc88525a982634db408c845ec', 'Lena Amila ', 'Bandung', '1997-08-22', 'p', 'Jalan Sulaksana Gg. Arkat  II No. 6 RT.06/07 Kec. Cicaheum Bandung', 2012, 'user.png', 5, '2', 'admin', '2015-08-19 12:28:56'),
('1213100327', '8693f55a58a20f272e8a1f7804e12cb9', 'Peti Patimah', 'Tasikmalaya', '1997-07-31', 'p', 'Jalan Sulaksana No.10 Kec. Cicaheum Bandung', 2012, 'user.png', 5, '2', 'admin', '2015-08-19 12:28:56'),
('1213100328', 'ebd45619aea7440c9a433ef341c1d73b', 'Risa Amelia ', 'Bandung', '1996-04-16', 'p', 'Jalan Sulaksana RT.12/09 Kec. Cicaheum Bandung', 2012, 'user.png', 5, '2', 'admin', '2015-08-19 12:28:56'),
('1213100330', '5a2fb107e2ba94edeab6c7b2711b06c2', 'Siti In In Ratnasari', 'Bandung', '1996-10-09', 'p', 'Jalan Asep Berlian Gg. Bpk Ain II RT.02/06 Kec. Cikutra Bandung ', 2012, 'user.png', 5, '2', 'admin', '2015-08-19 12:28:56'),
('1213100331', '7593a8b824e0e524e86bef178d64f704', 'Tri Ambar Wahyuni ', 'Bandung', '1997-06-13', 'p', 'Jalan PSM Sukabakti 7 No.66 R.03/07 Kec. Kiaracondong Bandung', 2012, 'user.png', 5, '2', 'admin', '2015-08-19 12:28:56'),
('1213100332', '8b4f70f992e3397ddfa364760a968921', 'Wida Ningsih ', 'Bandung', '1997-03-16', 'p', 'Jalan Cipadung RT.04/12 Ujungberung Bandung ', 2012, 'user.png', 5, '2', 'admin', '2015-08-19 12:28:56'),
('1213100333', '7e9f54327b5bca96b22a57edcc1ba12a', 'Iqbal Herdiansyah', 'Bandung', '1997-07-20', 'l', 'Jalan A. Yani Gg. Sukaresmi RT.06/05 Kec. Kiaracondong Bandung', 2012, 'user.png', 3, '2', 'admin', '2015-08-19 12:28:56'),
('1213100336', '14cbbb9247ab22bb39b701c86237f0dd', 'Cindy Chintya Hermawan', 'Bandung', '1997-01-27', 'p', 'Ters. Jalan Jakarta RT.01/14 Bandung', 2012, 'user.png', 5, '2', 'admin', '2015-08-19 12:28:56'),
('1314100421', '13fccaa2764ccc9f259729d62ae23e6c', 'Adam Aris Rizaldy', 'Bandung', '1997-12-09', 'l', 'Jl. Kawali 5  no 16 Rt/Rw 03/17 Kel. Antapani Tengah Kec. Antapani', 2013, 'user.png', 8, '2', 'admin', '2015-08-19 12:28:56'),
('1314100422', 'd41d8cd98f00b204e9800998ecf8427e', 'Afrizal Azhar Ash Shiddiq', '', '0000-00-00', 'l', 'Jl. Muararajeun Lama Rt/Rw 04/08 Kel. Cihaur Geulis Kec. Cibenying Kaler', 2013, 'user.png', 8, '2', 'admin', '2015-08-19 12:28:56'),
('1314100423', '2afa2ec7d1b00777c268494f7d042188', 'Alwy Nabawi Kartiwa', 'Bandung', '1998-08-30', 'l', 'Jl. Gagak dalam No.74 RT.04/17 Bandung', 2013, 'user.png', 8, '2', 'admin', '2015-08-19 12:28:56'),
('1314100424', 'ac8db2c6bb8bc1b55131efe79ae6e4c8', 'Andhika Putra Daninda', 'Bandung', '1999-05-08', 'l', 'Jl. Ahmad Yani Gang Mesjid Dalam I Rt/Rw 02/06', 2013, 'user.png', 8, '2', 'admin', '2015-08-19 12:28:56'),
('1314100425', 'b404a4ca577b123e6ef740eefa597b98', 'Anna Fitriana Wijaya', 'Bandung', '1998-01-06', 'p', 'Parakan Saat RT.03/03 No.5 Bandung', 2013, 'user.png', 8, '2', 'admin', '2015-08-19 12:28:56'),
('1314100449', '058ef21636d53544ac8a69bbb70803ae', 'Adam Japar Sidik', 'Bandung', '1997-11-20', 'l', 'Jl.Hantap Raya Rt/Rw0/14', 2013, 'user.png', 9, '2', 'admin', '2015-08-19 12:28:56'),
('1314100450', '5c1aab95d4315ddcf910b70a60dfacd3', 'Anggita Cahyani Dwi Ryanti', 'Bandung', '1998-03-22', 'p', 'Jl. Cimuncang RT.04/06 No.20 Kel.  Padasuka Kec. Cibeunying Kidul Bandung', 2013, 'user.png', 9, '2', 'admin', '2015-08-19 12:28:56'),
('1314100451', 'e89f9091ca8e9edf19c506a6e95f71af', 'Ari Yanti', 'Cilacap', '1998-12-31', 'l', 'Jl. Hilir Rt/rw 07/03 Kel. Jatihandap Kec. Mandalajati', 2013, 'user.png', 9, '2', 'admin', '2015-08-19 12:28:56'),
('1314100452', '76b95410e04b1508248093235e5a657c', 'Chintia Try Mulya', 'Bandung', '1998-12-28', 'p', 'Jl. Sekemerak No. 44 Rt/Rw 04/17 Kel. Cibenying Kec. cimenyan 40191', 2013, 'user.png', 9, '2', 'admin', '2015-08-19 12:28:56'),
('1314100455', 'ac28bb1a6d37abc3b75930eae12f5eaf', 'Dika Ayu Anggraeni', 'Kulon Progo', '1997-12-12', 'l', 'Gg. Haji Saodah Rt/Rw 05/15 Kel. Jatihandap Kec. Mandalajati', 2013, 'user.png', 9, '2', 'admin', '2015-08-19 12:28:56'),
('1314100456', '1ab80c8e83a5f235dad1313c09cd7359', 'Endah Sari', 'Bandung', '1999-02-11', 'p', 'Jl. Pungkur No.155/18C Rt/Rw 05/04 Kel. Balonggede Kec. Regol', 2013, 'user.png', 9, '2', 'admin', '2015-08-19 12:28:56'),
('1314100457', '68a426d411a2a5d6042a1ca9337be661', 'Ester Bebe', 'Bandung', '1996-11-20', 'p', 'Sekeloa Rt/Rw 02/04 Kel. Binong Kec. Batu Nunggal', 2013, 'user.png', 9, '2', 'admin', '2015-08-19 12:28:56'),
('1314100458', 'd0f1a4c63a0bb531b40b1623159cb0bb', 'Fia Fauziah', 'Bandung', '1998-09-30', 'p', 'Gang. Simpang Rt/Rw 06/07 Kel. Babakan Surabaya Kec. Kiara Condong', 2013, 'user.png', 9, '2', 'admin', '2015-08-19 12:28:56'),
('1314100481', 'a3d7514a1b627ce21cb113a7ae158434', 'Andhika Prayoga', 'Bandung', '1998-04-08', 'l', 'Jl. Jakarta Selatan Rt/Rw 01/03 ', 2013, 'user.png', 10, '2', 'admin', '2015-08-19 12:28:56'),
('1314100483', '4aa33d4357e6288c2d39aa75da3131ba', 'Anggit Mulyani', 'Bandung', '1998-05-14', 'p', 'Jl. Jatihandap rt/rw 06/09 Kel. Pasir Impun Kec. Mandalajati 40195', 2013, 'user.png', 10, '2', 'admin', '2015-08-19 12:28:56'),
('1314100484', '40125bfd6cd29eba73b507ae54da362e', 'Ari Rizkia Abdul Rahim', 'Bandung', '1997-10-13', 'l', 'Jl. Cikaso Timur Rt/Rw 01/09 Kel. Sukamaju Kec. Cibeunying Kidul', 2013, 'user.png', 10, '2', 'admin', '2015-08-19 12:28:56'),
('1314100485', '501407dcfde5b685045ca3072168d5bb', 'Deden Sabilul Huda', 'Kuningan', '2014-01-01', 'l', 'Jl. Sukamaju Dalam II No. 12 Rt/Rw 05/10 Kel. Sukamaju Kec. Cibenying Kidul 40124', 2013, 'user.png', 10, '2', 'admin', '2015-08-19 12:28:56'),
('1314100487', 'd54562210ba75226d9cc1f5649cbdaa0', 'Deni Permana', 'Bandung', '1998-09-09', 'l', 'Jl. Layur Rt/Rw 02/02 Kel. Cicadas Kec. Cibeunying Kidul 40121', 2013, 'user.png', 10, '2', 'admin', '2015-08-19 12:28:56'),
('1314100488', '7f58eb2a1c769fcab7c62311536d6668', 'Dinal Shidiq', 'Bandung', '1998-03-03', 'l', 'Jl. Karawang no 23 Rt/Rw 06/08 Kel. kebonwaru Kec. batu Nunggal', 2013, 'user.png', 10, '2', 'admin', '2015-08-19 12:28:56'),
('1314100489', '60225f4a7967fb543ef169a88b97c7a0', 'Firmansyah', 'Bandung', '1998-03-01', 'l', 'Jl. Cikutra Sekepondok 1 Rt/Rw 01/09 Kel. Padasuka Kec. Cibenying kidul 40125', 2013, '', 10, '2', 'admin', '2015-08-19 12:28:56'),
('1314100512', '3887a96970133990f6507c4a1e4e2e09', 'Anggi Muhamad', 'Bandung', '1997-08-06', 'l', 'Jl. Mekar Sari Rt/rw 07/17 Kel. Babakan sari Kec. Kiara Condong', 2013, 'user.png', 11, '2', 'admin', '2015-08-19 12:28:56'),
('1314100513', 'f7f0508d9b278f53fa5778b4f1a0bd4a', 'Anggi Permana Putra', 'Bandung', '1998-03-04', 'l', 'Jl. Sersan Surip Rt/rw 06/06 Kel. ledeng Kec. Cidadap', 2013, 'user.png', 11, '2', 'admin', '2015-08-19 12:28:56'),
('1314100514', '7988907b2f7227aa6b89155a89325ad9', 'Ardi Hendriansyah', 'Bandung', '1997-12-20', 'l', 'Jl. Sukapura Rt/Rw 08/01 Kel. sukapura Kec. Kiara Condong 40285', 2013, 'user.png', 11, '2', 'admin', '2015-08-19 12:28:56'),
('1314100515', '729cb3c7c9ff90999b726e0803a14e1e', 'Dian Nabil Apriyanti', 'Bandung', '1998-04-12', 'p', 'JL. Kuningan XI Rt/Rw 03/03 Kel. antapani Tengah Kec. Antapani', 2013, 'user.png', 11, '2', 'admin', '2015-08-19 12:28:56'),
('1314100516', '08b06ab3b455db24a92cb020ea9431dd', 'Dian Triana Sari', 'Bandung', '1997-09-04', 'p', 'Jl. Parang II RT.02/10 Bandung', 2013, 'user.png', 11, '2', 'admin', '2015-08-19 12:28:56'),
('1314100517', 'd5114a874fea733647d86c7a7dad1d76', 'Diana yusup', 'Bandung', '1998-10-15', 'p', 'Jl. Jakarta Gang. Laksana  IX Rt.09/08 Bandung', 2013, 'user.png', 11, '2', 'admin', '2015-08-19 12:28:56'),
('1415100616', '774f9a2e43c5de92bf8b17466f5665a4', 'Acep Aldo', 'BANDUNG', '1998-11-03', 'l', 'Jl. Suka karya RT.12 Rw.12', 2014, '', 0, '2', 'admin', '2015-08-19 12:28:56'),
('1415100617', '6024a27f252288c39e58c33403d251e9', 'Alwi Riziq Nawaw', 'BANDUNG', '1992-12-13', 'l', 'mana aja', 2008, '', 0, '2', 'admin', '2015-08-19 12:28:56'),
('1415100618', '820c6b26fd90a110c76dc9238208a950', 'Bobby Setiawan', 'BANDUNG', '1999-09-29', 'l', 'Gg. Lantai Mas No. 42 - 137D', 2014, 'user.png', 6, '2', 'admin', '2015-08-19 12:28:56'),
('1415100620', '13a5d93d2e6e64ebc4d43355d3fee451', 'Dria Bella', 'Bandung', '1995-08-20', 'p', 'Cisaranten Rt/Rw 02/06 Desa. Cisaranten kulon Kec. Arcamanik 40291', 2014, 'user.png', 6, '2', 'admin', '2015-08-19 12:28:56'),
('1415100621', 'b8d0670cfae43d018c9ea1b232286a28', 'Dwiki Febrian Syah', 'Bandung', '1999-02-24', 'l', 'Jalan Cijotang Raya Rt/Rw Rt/Rw 08/10 Sukapada Kec. Cibeunying Kidul (40125)', 2014, 'user.png', 6, '2', 'admin', '2015-08-19 12:28:56'),
('1415100622', 'ea7987cfdd8a7fa6045d0eec22157aef', 'Ferdy Anggriawan', 'Majalengka', '1991-09-21', 'l', 'Jalan Cicalengka Raya', 2014, 'user.png', 6, '2', 'admin', '2015-08-19 12:28:56'),
('1415100623', 'd41d8cd98f00b204e9800998ecf8427e', 'Hanif Abdurahim', 'Garut', '0000-00-00', 'l', 'Jl. Jatihamdap Rt.03. Rw.03', 2014, '', 6, '2', 'admin', '2015-08-19 12:28:56'),
('1415100624', '8660426a97ca3d7e174b53c4f6618b3d', 'Ilham Hamdani', 'BANDUNG', '1999-10-07', 'l', 'Jl. Desa Sindanglaya Rt.01. Rw.01', 2014, '', 0, '2', 'admin', '2015-08-19 12:28:56'),
('1415100625', 'a6ce264f71a2ccfb03cd8e49346b1d05', 'Intan Pratiwi', 'Bandung', '1999-03-31', 'p', 'Jl. karawang Rt/Rw 02/02 Kel. Antapani Wetan Kec. Antapani (40291)', 2014, 'user.png', 6, '2', 'admin', '2015-08-19 12:28:56'),
('1415100626', 'a44d817ce0ab39878280cecc30c57dd0', 'Irfan Nugraha', 'Bandung', '1997-10-29', 'l', 'Jalan Ahmad Yani Gang Karamat 1 Bandung Rt/Rw 4/1 Kel. Cicaheum Kec. Kiara Condong (40282)', 2014, 'user.png', 6, '2', 'admin', '2015-08-19 12:28:56'),
('1415100627', 'd588ea9a5d4079734e7dce68ae044b0a', 'Krisna Wildan Pratama', 'Bandung', '1998-12-05', 'l', 'Jl. Pasirleutik  No.16 Rt/Rw 05/04 Kel. Padasuka Kec. Cimeunyan (40192)', 2014, 'user.png', 6, '2', 'admin', '2015-08-19 12:28:56'),
('1415100628', '16ca0e1c8ef7606fa846aaa351b975af', 'Muhamad Akmal Syahidan', 'Bandung', '1999-04-12', 'l', 'Jalan Cimuncang Rt/Rw 03/06 Kel. Sukapada Kec.Cibeunying Kidul', 2014, 'user.png', 6, '2', 'admin', '2015-08-19 12:28:56'),
('1415100629', '354ec92ed6385ce4fa75d55586a5413a', 'Meita Ayu Nurfalah', 'Bandung', '1998-05-09', 'p', 'Gg. Apani Rt/Rw 03/02 Kel. Cikutra Kec. Cibeunying Kidul (40124)', 2014, 'user.png', 6, '2', 'admin', '2015-08-19 12:28:56'),
('1415100630', '3513712eeed32d38bf2f5499e0002c4c', 'Melani Dentanira', 'Bandung', '1999-05-21', 'p', 'Jl. Asep Berllian No.58 Rt/Rw 02/06 Kel. Cikutra Kec. Cibeunying Kidul (40124)', 2014, 'user.png', 6, '2', 'admin', '2015-08-19 12:28:56'),
('1415100631', 'ce82e04b4a73b795456146ae97cef554', 'Muhammad Hafidz', 'Bandung', '1999-06-19', 'l', 'Jalan Endah Sari Rt/Rw 06/03 Kel. Babakan Asih Kec. Bojong Loa Kidul (40323)', 2014, 'user.png', 6, '2', 'admin', '2015-08-19 12:28:56'),
('1415100632', 'e4e5df9c78caa6278bb9bdd014398f49', 'Muhamad Nur Raga Gumelar', 'Bandung', '1999-01-20', 'l', 'Cikutra - Sukamenak No. 104/138A Rt/Rw 02/08 Kel. padasuka Kec. Cibeunying Kidul (40125)', 2014, 'user.png', 6, '2', 'admin', '2015-08-19 12:28:56'),
('1415100633', '954a87f2354048a5aae01f97c16e975e', 'Muhammad Syahrul S', 'Bandung', '1998-08-25', 'l', 'Jl. Jakarta Rt/Rw 04/02 Kel. Antapni Kulon Kec. Antapani', 2014, 'user.png', 6, '2', 'admin', '2015-08-19 12:28:56'),
('1415100634', '621a7c191b3151a7b7bc3d76a60cf9bb', 'Mochammad Fauzi Faturochman', 'Bandung', '1998-05-12', 'l', 'Jl. Kalijati Rt/Rw 04/03 Kel. antapani Kulon Kec. Antapani (40291)', 2014, 'user.png', 6, '2', 'admin', '2015-08-19 12:28:56'),
('1415100635', '0d54136434ccc00523de49daed0bc408', 'Rahmat Maulana', 'Bandung', '1998-09-07', 'l', 'Jalan Rancabolang Barat Rt/Rw 03/11 Kel. Derwati Kec. Rancasari 40292 ', 2014, 'user.png', 6, '2', 'admin', '2015-08-19 12:28:56'),
('1415100636', '5bdfcaa964408d09eec21f6d43c4611a', 'Rexa Gilang Pramuditha', 'Bandung', '1999-04-16', 'l', 'Jalan Pasir Honje Rt/rw 03/06 Kel. Sukapada Kec. Cibeunying Kidul 40125', 2014, 'user.png', 6, '2', 'admin', '2015-08-19 12:28:56'),
('1415100637', 'f5c84519bbb8fa06cc6229e1d4262e74', 'Rian Cahyadi', 'Bandung', '1998-01-20', 'l', 'Jalan Babakan Sari I no 240 Rt/Rw 05/14 ', 2014, 'user.png', 6, '2', 'admin', '2015-08-19 12:28:56'),
('1415100638', '4f47810fd1e76783221e2ce87380f1a1', 'Rian Rahmansah', 'Bandung', '1997-12-18', 'l', 'Jalan Sumbersari Rt/Rt 02/08 Kel. Cisaranten Kulon Kec. Arcamanik 40291', 2014, 'user.png', 6, '2', 'admin', '2015-08-19 12:28:56'),
('1415100639', 'c4b392d63dc3e6ace1f1dc98bada9dff', 'Riki Kurniawan', 'Bandung', '1999-07-03', 'l', 'Jl. Bojongkihiang   Cimenyan Bandung Rt/Rw 01/01 Kel. Cimenyan Kec. Cimenyan 40197', 2014, 'user.png', 6, '2', 'admin', '2015-08-19 12:28:56'),
('1415100640', 'ce54744b1ad9f537663049398df1af93', 'Santo Giolano Budi Wardana', 'Bandung', '1998-10-28', 'l', 'jl Senam Rt/Rw 03/04 Kel sukamiskin Kec. Arcamanik 40293', 2014, 'user.png', 6, '2', 'admin', '2015-08-19 12:28:56'),
('1415100641', 'ce54744b1ad9f537663049398df1af93', 'Trias Puspaningrum', 'Bandung', '1998-10-28', 'p', 'Jl Cikadut Rt/Rw 03/01 Kel. Jatihandap Kec. Mandalajati 40195', 2014, 'user.png', 6, '2', 'admin', '2015-08-19 12:28:56'),
('1415100642', '55775590c84b1f507db38229ee5cc610', 'Try Suseno', 'Bandung', '1999-10-13', 'l', 'Jalan Sukalaksana no 46 Rt.05/Rw.11 Kel. Cicaheum Kec. Kiara Condong 40282', 2014, 'user.png', 6, '2', 'admin', '2015-08-19 12:28:56'),
('1415100643', '806d31dc5eee310fcda9200cd7a683d8', 'Virdi Gustiana Nurdin', 'Bandung', '1998-08-08', 'l', 'Jalan Sindangsari 2 no 7 Rt/Rw 02/10 Kel. Antapani Kec. Antapani 40291', 2014, 'user.png', 6, '2', 'admin', '2015-08-19 12:28:56'),
('1415100644', '7c0d1c4a3ca7bb9709b8c716a6b75887', 'Wildan Ramdani', 'Bandung', '1998-01-22', 'l', 'Jalan Ahmad Yani Gg. Lantai Mas 34/137D Rt/Rw 07/11 Kel. Babakan Surabaya Kec. Kiaracondong 40289', 2014, 'user.png', 6, '2', 'admin', '2015-08-19 12:28:56'),
('1415100747', 'b190c682781bce561554ae85522afc8e', 'Rudy Sumardi', 'Bandung', '1998-03-11', 'l', 'Jalan Sukanegla Rt/Rw 06 01 Kec. Antapani 40291', 2014, 'user.png', 6, '2', 'admin', '2015-08-19 12:28:56'),
('1415100749', '3d200742d492b3ea970f0bb0f31e8011', 'Prayoga Putra Pratama', 'Bandung', '1998-08-17', 'l', 'lemah nendeut 2 Rt/Rw 05/08 Kel. cikutra Kec. Cibeunying Kidul', 2014, 'user.png', 6, '2', 'admin', '2015-08-19 12:28:56');

-- --------------------------------------------------------

--
-- Struktur dari tabel `tahun_ajar`
--

CREATE TABLE IF NOT EXISTS `tahun_ajar` (
  `id_tahun_ajar` tinyint(4) NOT NULL,
  `tahun_ajar_sekarang` char(9) NOT NULL,
  `username_admin` varchar(12) NOT NULL
) ENGINE=InnoDB AUTO_INCREMENT=2 DEFAULT CHARSET=latin1;

--
-- Dumping data untuk tabel `tahun_ajar`
--

INSERT INTO `tahun_ajar` (`id_tahun_ajar`, `tahun_ajar_sekarang`, `username_admin`) VALUES
(1, '2014/2015', 'riku');

--
-- Indexes for dumped tables
--

--
-- Indexes for table `admin`
--
ALTER TABLE `admin`
  ADD PRIMARY KEY (`username`),
  ADD UNIQUE KEY `username` (`username`);

--
-- Indexes for table `guru`
--
ALTER TABLE `guru`
  ADD PRIMARY KEY (`nip`),
  ADD KEY `username_admin` (`username_admin`);

--
-- Indexes for table `jurusan`
--
ALTER TABLE `jurusan`
  ADD PRIMARY KEY (`kode_jurusan`),
  ADD KEY `username_admin` (`username_admin`);

--
-- Indexes for table `kelas`
--
ALTER TABLE `kelas`
  ADD PRIMARY KEY (`kode_kelas`),
  ADD KEY `username_admin` (`username_admin`);

--
-- Indexes for table `kelasjurusan`
--
ALTER TABLE `kelasjurusan`
  ADD PRIMARY KEY (`id_kelasjurusan`),
  ADD KEY `kode_kelas` (`kode_kelas`),
  ADD KEY `kode_jurusan` (`kode_jurusan`);

--
-- Indexes for table `mapel`
--
ALTER TABLE `mapel`
  ADD PRIMARY KEY (`id_mapel`),
  ADD UNIQUE KEY `kode_mapel` (`id_mapel`);

--
-- Indexes for table `nilai`
--
ALTER TABLE `nilai`
  ADD PRIMARY KEY (`id_nilai`),
  ADD KEY `id_pelajaran` (`id_pelajaran`);

--
-- Indexes for table `nilai_keterampilan`
--
ALTER TABLE `nilai_keterampilan`
  ADD PRIMARY KEY (`id_nilai_keterampilan`),
  ADD KEY `id_mengajar` (`id_pelajaran`);

--
-- Indexes for table `nilai_pengetahuan`
--
ALTER TABLE `nilai_pengetahuan`
  ADD PRIMARY KEY (`id_nilai_pengetahuan`),
  ADD KEY `id_mengajar` (`id_pelajaran`);

--
-- Indexes for table `nilai_sikap`
--
ALTER TABLE `nilai_sikap`
  ADD PRIMARY KEY (`id_nilai_sikap`),
  ADD KEY `id_mengajar` (`id_pelajaran`);

--
-- Indexes for table `pelajaran`
--
ALTER TABLE `pelajaran`
  ADD PRIMARY KEY (`id_pelajaran`),
  ADD KEY `nip` (`nip`),
  ADD KEY `nis` (`nis`),
  ADD KEY `id_kelasjurusan` (`id_kelasjurusan`),
  ADD KEY `id_mapel` (`id_mapel`);

--
-- Indexes for table `semester`
--
ALTER TABLE `semester`
  ADD PRIMARY KEY (`id_semester`);

--
-- Indexes for table `siswa`
--
ALTER TABLE `siswa`
  ADD PRIMARY KEY (`nis`),
  ADD UNIQUE KEY `nis` (`nis`),
  ADD KEY `username_admin` (`username_admin`);

--
-- Indexes for table `tahun_ajar`
--
ALTER TABLE `tahun_ajar`
  ADD PRIMARY KEY (`id_tahun_ajar`);

--
-- AUTO_INCREMENT for dumped tables
--

--
-- AUTO_INCREMENT for table `kelasjurusan`
--
ALTER TABLE `kelasjurusan`
  MODIFY `id_kelasjurusan` int(11) NOT NULL AUTO_INCREMENT,AUTO_INCREMENT=15;
--
-- AUTO_INCREMENT for table `mapel`
--
ALTER TABLE `mapel`
  MODIFY `id_mapel` int(11) NOT NULL AUTO_INCREMENT,AUTO_INCREMENT=29;
--
-- AUTO_INCREMENT for table `nilai`
--
ALTER TABLE `nilai`
  MODIFY `id_nilai` int(11) NOT NULL AUTO_INCREMENT,AUTO_INCREMENT=29;
--
-- AUTO_INCREMENT for table `nilai_keterampilan`
--
ALTER TABLE `nilai_keterampilan`
  MODIFY `id_nilai_keterampilan` int(11) NOT NULL AUTO_INCREMENT,AUTO_INCREMENT=38;
--
-- AUTO_INCREMENT for table `nilai_pengetahuan`
--
ALTER TABLE `nilai_pengetahuan`
  MODIFY `id_nilai_pengetahuan` int(11) NOT NULL AUTO_INCREMENT,AUTO_INCREMENT=42;
--
-- AUTO_INCREMENT for table `nilai_sikap`
--
ALTER TABLE `nilai_sikap`
  MODIFY `id_nilai_sikap` int(11) NOT NULL AUTO_INCREMENT,AUTO_INCREMENT=37;
--
-- AUTO_INCREMENT for table `pelajaran`
--
ALTER TABLE `pelajaran`
  MODIFY `id_pelajaran` int(11) NOT NULL AUTO_INCREMENT,AUTO_INCREMENT=234;
--
-- AUTO_INCREMENT for table `semester`
--
ALTER TABLE `semester`
  MODIFY `id_semester` tinyint(4) NOT NULL AUTO_INCREMENT;
--
-- AUTO_INCREMENT for table `tahun_ajar`
--
ALTER TABLE `tahun_ajar`
  MODIFY `id_tahun_ajar` tinyint(4) NOT NULL AUTO_INCREMENT,AUTO_INCREMENT=2;
--
-- Ketidakleluasaan untuk tabel pelimpahan (Dumped Tables)
--

--
-- Ketidakleluasaan untuk tabel `guru`
--
ALTER TABLE `guru`
  ADD CONSTRAINT `guru_ibfk_1` FOREIGN KEY (`username_admin`) REFERENCES `admin` (`username`) ON UPDATE CASCADE;

--
-- Ketidakleluasaan untuk tabel `jurusan`
--
ALTER TABLE `jurusan`
  ADD CONSTRAINT `jurusan_ibfk_1` FOREIGN KEY (`username_admin`) REFERENCES `admin` (`username`) ON UPDATE CASCADE;

--
-- Ketidakleluasaan untuk tabel `kelas`
--
ALTER TABLE `kelas`
  ADD CONSTRAINT `kelas_ibfk_1` FOREIGN KEY (`username_admin`) REFERENCES `admin` (`username`) ON UPDATE CASCADE;

--
-- Ketidakleluasaan untuk tabel `kelasjurusan`
--
ALTER TABLE `kelasjurusan`
  ADD CONSTRAINT `kelasjurusan_ibfk_1` FOREIGN KEY (`kode_kelas`) REFERENCES `kelas` (`kode_kelas`) ON DELETE CASCADE ON UPDATE CASCADE,
  ADD CONSTRAINT `kelasjurusan_ibfk_2` FOREIGN KEY (`kode_jurusan`) REFERENCES `jurusan` (`kode_jurusan`) ON DELETE CASCADE ON UPDATE CASCADE;

--
-- Ketidakleluasaan untuk tabel `nilai`
--
ALTER TABLE `nilai`
  ADD CONSTRAINT `nilai_ibfk_1` FOREIGN KEY (`id_pelajaran`) REFERENCES `pelajaran` (`id_pelajaran`) ON DELETE CASCADE ON UPDATE CASCADE;

--
-- Ketidakleluasaan untuk tabel `nilai_keterampilan`
--
ALTER TABLE `nilai_keterampilan`
  ADD CONSTRAINT `nilai_keterampilan_ibfk_1` FOREIGN KEY (`id_pelajaran`) REFERENCES `pelajaran` (`id_pelajaran`) ON DELETE CASCADE ON UPDATE CASCADE;

--
-- Ketidakleluasaan untuk tabel `nilai_pengetahuan`
--
ALTER TABLE `nilai_pengetahuan`
  ADD CONSTRAINT `nilai_pengetahuan_ibfk_1` FOREIGN KEY (`id_pelajaran`) REFERENCES `pelajaran` (`id_pelajaran`) ON DELETE CASCADE ON UPDATE CASCADE;

--
-- Ketidakleluasaan untuk tabel `nilai_sikap`
--
ALTER TABLE `nilai_sikap`
  ADD CONSTRAINT `nilai_sikap_ibfk_1` FOREIGN KEY (`id_pelajaran`) REFERENCES `pelajaran` (`id_pelajaran`) ON DELETE CASCADE ON UPDATE CASCADE;

--
-- Ketidakleluasaan untuk tabel `pelajaran`
--
ALTER TABLE `pelajaran`
  ADD CONSTRAINT `pelajaran_ibfk_1` FOREIGN KEY (`nip`) REFERENCES `guru` (`nip`) ON DELETE CASCADE ON UPDATE CASCADE,
  ADD CONSTRAINT `pelajaran_ibfk_2` FOREIGN KEY (`nis`) REFERENCES `siswa` (`nis`) ON DELETE CASCADE ON UPDATE CASCADE,
  ADD CONSTRAINT `pelajaran_ibfk_3` FOREIGN KEY (`id_kelasjurusan`) REFERENCES `kelasjurusan` (`id_kelasjurusan`) ON DELETE CASCADE ON UPDATE CASCADE,
  ADD CONSTRAINT `pelajaran_ibfk_4` FOREIGN KEY (`id_mapel`) REFERENCES `mapel` (`id_mapel`) ON DELETE CASCADE ON UPDATE CASCADE;

--
-- Ketidakleluasaan untuk tabel `siswa`
--
ALTER TABLE `siswa`
  ADD CONSTRAINT `siswa_ibfk_1` FOREIGN KEY (`username_admin`) REFERENCES `admin` (`username`) ON UPDATE CASCADE;

/*!40101 SET CHARACTER_SET_CLIENT=@OLD_CHARACTER_SET_CLIENT */;
/*!40101 SET CHARACTER_SET_RESULTS=@OLD_CHARACTER_SET_RESULTS */;
/*!40101 SET COLLATION_CONNECTION=@OLD_COLLATION_CONNECTION */;
